[{"model": "admin.logentry", "pk": 1, "fields": {"action_time": "2024-02-18T16:34:55.473Z", "user": 1, "content_type": 6, "object_id": "2", "object_repr": "gaurabshrestha100@gmail.com", "action_flag": 2, "change_message": "[{\"changed\": {\"fields\": [\"Is active\"]}}]"}}, {"model": "admin.logentry", "pk": 2, "fields": {"action_time": "2024-02-18T16:41:13.750Z", "user": 1, "content_type": 8, "object_id": "1", "object_repr": "Burger King", "action_flag": 2, "change_message": "[{\"changed\": {\"fields\": [\"Is approved\"]}}]"}}, {"model": "admin.logentry", "pk": 3, "fields": {"action_time": "2024-02-19T13:40:47.575Z", "user": 1, "content_type": 7, "object_id": "3", "object_repr": "UserProfile object (3)", "action_flag": 2, "change_message": "[]"}}, {"model": "admin.logentry", "pk": 4, "fields": {"action_time": "2024-02-19T13:43:33.810Z", "user": 1, "content_type": 7, "object_id": "3", "object_repr": "UserProfile object (3)", "action_flag": 2, "change_message": "[]"}}, {"model": "admin.logentry", "pk": 5, "fields": {"action_time": "2024-02-19T14:14:48.608Z", "user": 1, "content_type": 6, "object_id": "4", "object_repr": "slipknotrestaurant11@gmail.com", "action_flag": 2, "change_message": "[{\"changed\": {\"fields\": [\"Is active\"]}}]"}}, {"model": "admin.logentry", "pk": 6, "fields": {"action_time": "2024-02-19T14:15:35.133Z", "user": 1, "content_type": 6, "object_id": "4", "object_repr": "slipknotrestaurant11@gmail.com", "action_flag": 3, "change_message": ""}}, {"model": "admin.logentry", "pk": 7, "fields": {"action_time": "2024-02-19T14:16:50.619Z", "user": 1, "content_type": 6, "object_id": "6", "object_repr": "dyingfetusrestaunrat123@gmail.com", "action_flag": 2, "change_message": "[{\"changed\": {\"fields\": [\"Is active\"]}}]"}}, {"model": "admin.logentry", "pk": 8, "fields": {"action_time": "2024-02-19T14:16:55.784Z", "user": 1, "content_type": 6, "object_id": "5", "object_repr": "slipknotrestaurant11@gmail.com", "action_flag": 2, "change_message": "[{\"changed\": {\"fields\": [\"Is active\"]}}]"}}, {"model": "admin.logentry", "pk": 9, "fields": {"action_time": "2024-02-19T14:17:06.851Z", "user": 1, "content_type": 8, "object_id": "3", "object_repr": "KFC", "action_flag": 2, "change_message": "[{\"changed\": {\"fields\": [\"Is approved\"]}}]"}}, {"model": "admin.logentry", "pk": 10, "fields": {"action_time": "2024-02-19T14:17:11.333Z", "user": 1, "content_type": 8, "object_id": "2", "object_repr": "Slipknot masu pasal", "action_flag": 2, "change_message": "[{\"changed\": {\"fields\": [\"Is approved\"]}}]"}}, {"model": "admin.logentry", "pk": 11, "fields": {"action_time": "2024-02-19T14:17:15.706Z", "user": 1, "content_type": 8, "object_id": "1", "object_repr": "Burger King", "action_flag": 2, "change_message": "[{\"changed\": {\"fields\": [\"Is approved\"]}}]"}}, {"model": "admin.logentry", "pk": 12, "fields": {"action_time": "2024-02-19T14:17:15.718Z", "user": 1, "content_type": 8, "object_id": "3", "object_repr": "KFC", "action_flag": 2, "change_message": "[{\"changed\": {\"fields\": [\"Is approved\"]}}]"}}, {"model": "admin.logentry", "pk": 13, "fields": {"action_time": "2024-02-19T14:17:15.722Z", "user": 1, "content_type": 8, "object_id": "2", "object_repr": "Slipknot masu pasal", "action_flag": 2, "change_message": "[{\"changed\": {\"fields\": [\"Is approved\"]}}]"}}, {"model": "admin.logentry", "pk": 14, "fields": {"action_time": "2024-02-19T14:17:15.725Z", "user": 1, "content_type": 8, "object_id": "1", "object_repr": "Burger King", "action_flag": 2, "change_message": "[{\"changed\": {\"fields\": [\"Is approved\"]}}]"}}, {"model": "admin.logentry", "pk": 15, "fields": {"action_time": "2024-02-19T14:17:18.939Z", "user": 1, "content_type": 8, "object_id": "3", "object_repr": "KFC", "action_flag": 2, "change_message": "[]"}}, {"model": "admin.logentry", "pk": 16, "fields": {"action_time": "2024-02-19T14:17:21.795Z", "user": 1, "content_type": 8, "object_id": "2", "object_repr": "Slipknot masu pasal", "action_flag": 2, "change_message": "[]"}}, {"model": "admin.logentry", "pk": 17, "fields": {"action_time": "2024-02-19T14:17:29.914Z", "user": 1, "content_type": 8, "object_id": "1", "object_repr": "Burger King", "action_flag": 2, "change_message": "[{\"changed\": {\"fields\": [\"Is approved\"]}}]"}}, {"model": "admin.logentry", "pk": 18, "fields": {"action_time": "2024-02-22T10:53:09.440Z", "user": 1, "content_type": 12, "object_id": "1", "object_repr": "OpeningHour object (1)", "action_flag": 1, "change_message": "[{\"added\": {}}]"}}, {"model": "admin.logentry", "pk": 19, "fields": {"action_time": "2024-02-25T12:08:18.385Z", "user": 1, "content_type": 6, "object_id": "8", "object_repr": "jejxod222@gmail.com", "action_flag": 3, "change_message": ""}}, {"model": "admin.logentry", "pk": 20, "fields": {"action_time": "2024-02-25T12:08:18.389Z", "user": 1, "content_type": 6, "object_id": "7", "object_repr": "gaurabshrestha1590@gmail.com", "action_flag": 3, "change_message": ""}}, {"model": "admin.logentry", "pk": 21, "fields": {"action_time": "2024-02-27T11:56:48.855Z", "user": 1, "content_type": 12, "object_id": "16", "object_repr": "Sunday", "action_flag": 3, "change_message": ""}}, {"model": "admin.logentry", "pk": 22, "fields": {"action_time": "2024-02-27T11:56:48.860Z", "user": 1, "content_type": 12, "object_id": "18", "object_repr": "Sunday", "action_flag": 3, "change_message": ""}}, {"model": "admin.logentry", "pk": 23, "fields": {"action_time": "2024-02-27T11:56:48.862Z", "user": 1, "content_type": 12, "object_id": "15", "object_repr": "Sunday", "action_flag": 3, "change_message": ""}}, {"model": "admin.logentry", "pk": 24, "fields": {"action_time": "2024-02-27T11:56:48.863Z", "user": 1, "content_type": 12, "object_id": "1", "object_repr": "Sunday", "action_flag": 3, "change_message": ""}}, {"model": "admin.logentry", "pk": 25, "fields": {"action_time": "2024-02-27T11:56:48.864Z", "user": 1, "content_type": 12, "object_id": "7", "object_repr": "Sunday", "action_flag": 3, "change_message": ""}}, {"model": "admin.logentry", "pk": 26, "fields": {"action_time": "2024-02-27T11:56:48.865Z", "user": 1, "content_type": 12, "object_id": "11", "object_repr": "Monday", "action_flag": 3, "change_message": ""}}, {"model": "admin.logentry", "pk": 27, "fields": {"action_time": "2024-02-27T11:56:48.866Z", "user": 1, "content_type": 12, "object_id": "3", "object_repr": "Monday", "action_flag": 3, "change_message": ""}}, {"model": "admin.logentry", "pk": 28, "fields": {"action_time": "2024-02-27T11:56:48.867Z", "user": 1, "content_type": 12, "object_id": "13", "object_repr": "Tuesday", "action_flag": 3, "change_message": ""}}, {"model": "admin.logentry", "pk": 29, "fields": {"action_time": "2024-02-27T11:56:48.868Z", "user": 1, "content_type": 12, "object_id": "4", "object_repr": "Tuesday", "action_flag": 3, "change_message": ""}}, {"model": "admin.logentry", "pk": 30, "fields": {"action_time": "2024-02-27T11:56:48.868Z", "user": 1, "content_type": 12, "object_id": "19", "object_repr": "Thursday", "action_flag": 3, "change_message": ""}}, {"model": "admin.logentry", "pk": 31, "fields": {"action_time": "2024-02-27T11:56:48.869Z", "user": 1, "content_type": 12, "object_id": "5", "object_repr": "Thursday", "action_flag": 3, "change_message": ""}}, {"model": "admin.logentry", "pk": 32, "fields": {"action_time": "2024-02-27T11:56:48.870Z", "user": 1, "content_type": 12, "object_id": "12", "object_repr": "Friday", "action_flag": 3, "change_message": ""}}, {"model": "admin.logentry", "pk": 33, "fields": {"action_time": "2024-02-27T11:56:48.871Z", "user": 1, "content_type": 12, "object_id": "6", "object_repr": "Friday", "action_flag": 3, "change_message": ""}}, {"model": "admin.logentry", "pk": 34, "fields": {"action_time": "2024-02-27T11:56:48.872Z", "user": 1, "content_type": 12, "object_id": "10", "object_repr": "Saturday", "action_flag": 3, "change_message": ""}}, {"model": "admin.logentry", "pk": 35, "fields": {"action_time": "2024-02-27T11:56:48.873Z", "user": 1, "content_type": 12, "object_id": "2", "object_repr": "Saturday", "action_flag": 3, "change_message": ""}}, {"model": "admin.logentry", "pk": 36, "fields": {"action_time": "2024-02-27T11:56:48.874Z", "user": 1, "content_type": 12, "object_id": "8", "object_repr": "Saturday", "action_flag": 3, "change_message": ""}}, {"model": "admin.logentry", "pk": 37, "fields": {"action_time": "2024-02-27T11:56:48.875Z", "user": 1, "content_type": 12, "object_id": "14", "object_repr": "Saturday", "action_flag": 3, "change_message": ""}}, {"model": "admin.logentry", "pk": 38, "fields": {"action_time": "2024-02-28T11:55:32.059Z", "user": 1, "content_type": 13, "object_id": "1", "object_repr": "VAT", "action_flag": 1, "change_message": "[{\"added\": {}}]"}}, {"model": "admin.logentry", "pk": 39, "fields": {"action_time": "2024-02-29T13:44:02.767Z", "user": 1, "content_type": 6, "object_id": "10", "object_repr": "gaurabshrestha200@gmail.com", "action_flag": 3, "change_message": ""}}, {"model": "admin.logentry", "pk": 40, "fields": {"action_time": "2024-02-29T13:44:02.780Z", "user": 1, "content_type": 6, "object_id": "9", "object_repr": "jejxod2WW2@gmail.com", "action_flag": 3, "change_message": ""}}, {"model": "admin.logentry", "pk": 41, "fields": {"action_time": "2024-02-29T13:47:15.109Z", "user": 1, "content_type": 6, "object_id": "12", "object_repr": "gaurabshrestha110@gmail.com", "action_flag": 3, "change_message": ""}}, {"model": "admin.logentry", "pk": 42, "fields": {"action_time": "2024-02-29T13:47:15.122Z", "user": 1, "content_type": 6, "object_id": "11", "object_repr": "gaurabshrestha200@gmail.com", "action_flag": 3, "change_message": ""}}, {"model": "admin.logentry", "pk": 43, "fields": {"action_time": "2024-03-01T14:31:31.482Z", "user": 1, "content_type": 7, "object_id": "2", "object_repr": "UserProfile object (2)", "action_flag": 2, "change_message": "[{\"changed\": {\"fields\": [\"Country\"]}}]"}}, {"model": "admin.logentry", "pk": 44, "fields": {"action_time": "2024-03-01T14:40:38.052Z", "user": 1, "content_type": 6, "object_id": "2", "object_repr": "gaurabshrestha100@gmail.com", "action_flag": 2, "change_message": "[{\"changed\": {\"fields\": [\"Phone number\"]}}]"}}, {"model": "admin.logentry", "pk": 45, "fields": {"action_time": "2024-03-03T08:22:37.040Z", "user": 1, "content_type": 6, "object_id": "13", "object_repr": "gaurabshrestha10000@gmail.com", "action_flag": 3, "change_message": ""}}, {"model": "admin.logentry", "pk": 46, "fields": {"action_time": "2024-03-03T08:23:28.904Z", "user": 1, "content_type": 6, "object_id": "14", "object_repr": "gaurabshrestha990@gmail.com", "action_flag": 2, "change_message": "[{\"changed\": {\"fields\": [\"Is active\"]}}]"}}, {"model": "admin.logentry", "pk": 47, "fields": {"action_time": "2024-03-05T05:09:04.796Z", "user": 1, "content_type": 6, "object_id": "15", "object_repr": "gaurab785@gmail.com", "action_flag": 3, "change_message": ""}}, {"model": "admin.logentry", "pk": 48, "fields": {"action_time": "2024-03-11T03:24:35.784Z", "user": 1, "content_type": 10, "object_id": "5", "object_repr": "buff momo", "action_flag": 2, "change_message": "[{\"changed\": {\"fields\": [\"Food title\"]}}]"}}, {"model": "admin.logentry", "pk": 49, "fields": {"action_time": "2024-03-11T03:24:51.058Z", "user": 1, "content_type": 10, "object_id": "5", "object_repr": "buff momo", "action_flag": 2, "change_message": "[{\"changed\": {\"fields\": [\"Image\"]}}]"}}, {"model": "admin.logentry", "pk": 50, "fields": {"action_time": "2024-03-24T11:57:13.356Z", "user": 1, "content_type": 14, "object_id": "87", "object_repr": "2024032417395187", "action_flag": 3, "change_message": ""}}, {"model": "admin.logentry", "pk": 51, "fields": {"action_time": "2024-03-24T11:57:13.376Z", "user": 1, "content_type": 14, "object_id": "86", "object_repr": "2024032417391486", "action_flag": 3, "change_message": ""}}, {"model": "admin.logentry", "pk": 52, "fields": {"action_time": "2024-03-24T11:57:13.377Z", "user": 1, "content_type": 14, "object_id": "85", "object_repr": "2024032417221085", "action_flag": 3, "change_message": ""}}, {"model": "admin.logentry", "pk": 53, "fields": {"action_time": "2024-03-24T11:57:13.378Z", "user": 1, "content_type": 14, "object_id": "84", "object_repr": "2024032417215084", "action_flag": 3, "change_message": ""}}, {"model": "admin.logentry", "pk": 54, "fields": {"action_time": "2024-03-24T11:57:13.379Z", "user": 1, "content_type": 14, "object_id": "83", "object_repr": "2024032417212383", "action_flag": 3, "change_message": ""}}, {"model": "admin.logentry", "pk": 55, "fields": {"action_time": "2024-03-24T11:57:13.380Z", "user": 1, "content_type": 14, "object_id": "82", "object_repr": "2024032417210682", "action_flag": 3, "change_message": ""}}, {"model": "admin.logentry", "pk": 56, "fields": {"action_time": "2024-03-24T11:57:13.380Z", "user": 1, "content_type": 14, "object_id": "81", "object_repr": "2024032417204981", "action_flag": 3, "change_message": ""}}, {"model": "admin.logentry", "pk": 57, "fields": {"action_time": "2024-03-24T11:57:13.381Z", "user": 1, "content_type": 14, "object_id": "80", "object_repr": "2024032417164680", "action_flag": 3, "change_message": ""}}, {"model": "admin.logentry", "pk": 58, "fields": {"action_time": "2024-03-24T11:57:13.382Z", "user": 1, "content_type": 14, "object_id": "79", "object_repr": "2024032417162679", "action_flag": 3, "change_message": ""}}, {"model": "admin.logentry", "pk": 59, "fields": {"action_time": "2024-03-24T11:57:13.382Z", "user": 1, "content_type": 14, "object_id": "78", "object_repr": "2024032417162278", "action_flag": 3, "change_message": ""}}, {"model": "admin.logentry", "pk": 60, "fields": {"action_time": "2024-03-24T11:57:13.383Z", "user": 1, "content_type": 14, "object_id": "77", "object_repr": "2024032417160177", "action_flag": 3, "change_message": ""}}, {"model": "admin.logentry", "pk": 61, "fields": {"action_time": "2024-03-24T11:57:13.383Z", "user": 1, "content_type": 14, "object_id": "76", "object_repr": "2024032417155076", "action_flag": 3, "change_message": ""}}, {"model": "admin.logentry", "pk": 62, "fields": {"action_time": "2024-03-24T11:57:13.384Z", "user": 1, "content_type": 14, "object_id": "75", "object_repr": "2024032417153775", "action_flag": 3, "change_message": ""}}, {"model": "admin.logentry", "pk": 63, "fields": {"action_time": "2024-03-24T11:57:13.385Z", "user": 1, "content_type": 14, "object_id": "74", "object_repr": "2024032417151474", "action_flag": 3, "change_message": ""}}, {"model": "admin.logentry", "pk": 64, "fields": {"action_time": "2024-03-24T11:57:13.386Z", "user": 1, "content_type": 14, "object_id": "73", "object_repr": "2024032417142473", "action_flag": 3, "change_message": ""}}, {"model": "admin.logentry", "pk": 65, "fields": {"action_time": "2024-03-24T11:57:13.386Z", "user": 1, "content_type": 14, "object_id": "72", "object_repr": "2024032417140172", "action_flag": 3, "change_message": ""}}, {"model": "admin.logentry", "pk": 66, "fields": {"action_time": "2024-03-24T11:57:13.387Z", "user": 1, "content_type": 14, "object_id": "71", "object_repr": "2024032417133871", "action_flag": 3, "change_message": ""}}, {"model": "admin.logentry", "pk": 67, "fields": {"action_time": "2024-03-24T11:57:13.388Z", "user": 1, "content_type": 14, "object_id": "70", "object_repr": "2024032417122870", "action_flag": 3, "change_message": ""}}, {"model": "admin.logentry", "pk": 68, "fields": {"action_time": "2024-03-24T11:57:13.388Z", "user": 1, "content_type": 14, "object_id": "69", "object_repr": "2024032417111269", "action_flag": 3, "change_message": ""}}, {"model": "admin.logentry", "pk": 69, "fields": {"action_time": "2024-03-24T11:57:13.389Z", "user": 1, "content_type": 14, "object_id": "68", "object_repr": "2024032417110268", "action_flag": 3, "change_message": ""}}, {"model": "admin.logentry", "pk": 70, "fields": {"action_time": "2024-03-24T11:57:13.389Z", "user": 1, "content_type": 14, "object_id": "67", "object_repr": "2024032417105867", "action_flag": 3, "change_message": ""}}, {"model": "admin.logentry", "pk": 71, "fields": {"action_time": "2024-03-24T11:57:13.390Z", "user": 1, "content_type": 14, "object_id": "66", "object_repr": "2024032417090966", "action_flag": 3, "change_message": ""}}, {"model": "admin.logentry", "pk": 72, "fields": {"action_time": "2024-03-24T11:57:13.391Z", "user": 1, "content_type": 14, "object_id": "65", "object_repr": "2024032417082065", "action_flag": 3, "change_message": ""}}, {"model": "admin.logentry", "pk": 73, "fields": {"action_time": "2024-03-24T11:57:13.392Z", "user": 1, "content_type": 14, "object_id": "64", "object_repr": "2024032417075964", "action_flag": 3, "change_message": ""}}, {"model": "admin.logentry", "pk": 74, "fields": {"action_time": "2024-03-24T11:57:13.393Z", "user": 1, "content_type": 14, "object_id": "63", "object_repr": "2024032417044563", "action_flag": 3, "change_message": ""}}, {"model": "admin.logentry", "pk": 75, "fields": {"action_time": "2024-03-24T11:57:13.394Z", "user": 1, "content_type": 14, "object_id": "62", "object_repr": "2024032417020862", "action_flag": 3, "change_message": ""}}, {"model": "admin.logentry", "pk": 76, "fields": {"action_time": "2024-03-24T11:57:13.395Z", "user": 1, "content_type": 14, "object_id": "61", "object_repr": "2024032410595661", "action_flag": 3, "change_message": ""}}, {"model": "admin.logentry", "pk": 77, "fields": {"action_time": "2024-03-24T11:57:13.395Z", "user": 1, "content_type": 14, "object_id": "60", "object_repr": "2024032409493360", "action_flag": 3, "change_message": ""}}, {"model": "admin.logentry", "pk": 78, "fields": {"action_time": "2024-03-24T11:57:13.396Z", "user": 1, "content_type": 14, "object_id": "59", "object_repr": "2024032409343959", "action_flag": 3, "change_message": ""}}, {"model": "admin.logentry", "pk": 79, "fields": {"action_time": "2024-03-24T11:57:13.397Z", "user": 1, "content_type": 14, "object_id": "58", "object_repr": "2024032409341558", "action_flag": 3, "change_message": ""}}, {"model": "admin.logentry", "pk": 80, "fields": {"action_time": "2024-03-24T11:57:13.397Z", "user": 1, "content_type": 14, "object_id": "57", "object_repr": "2024032409253157", "action_flag": 3, "change_message": ""}}, {"model": "admin.logentry", "pk": 81, "fields": {"action_time": "2024-03-24T11:57:13.398Z", "user": 1, "content_type": 14, "object_id": "56", "object_repr": "2024032409222456", "action_flag": 3, "change_message": ""}}, {"model": "admin.logentry", "pk": 82, "fields": {"action_time": "2024-03-24T11:57:13.399Z", "user": 1, "content_type": 14, "object_id": "55", "object_repr": "2024032409182555", "action_flag": 3, "change_message": ""}}, {"model": "admin.logentry", "pk": 83, "fields": {"action_time": "2024-03-24T11:57:13.400Z", "user": 1, "content_type": 14, "object_id": "54", "object_repr": "2024032409121154", "action_flag": 3, "change_message": ""}}, {"model": "admin.logentry", "pk": 84, "fields": {"action_time": "2024-03-24T11:57:13.400Z", "user": 1, "content_type": 14, "object_id": "53", "object_repr": "2024032409101753", "action_flag": 3, "change_message": ""}}, {"model": "admin.logentry", "pk": 85, "fields": {"action_time": "2024-03-24T11:57:13.401Z", "user": 1, "content_type": 14, "object_id": "52", "object_repr": "2024032409050252", "action_flag": 3, "change_message": ""}}, {"model": "admin.logentry", "pk": 86, "fields": {"action_time": "2024-03-24T11:57:13.402Z", "user": 1, "content_type": 14, "object_id": "51", "object_repr": "2024032409031951", "action_flag": 3, "change_message": ""}}, {"model": "admin.logentry", "pk": 87, "fields": {"action_time": "2024-03-24T11:57:13.403Z", "user": 1, "content_type": 14, "object_id": "50", "object_repr": "2024032409013050", "action_flag": 3, "change_message": ""}}, {"model": "admin.logentry", "pk": 88, "fields": {"action_time": "2024-03-24T11:57:13.404Z", "user": 1, "content_type": 14, "object_id": "49", "object_repr": "2024032408595349", "action_flag": 3, "change_message": ""}}, {"model": "admin.logentry", "pk": 89, "fields": {"action_time": "2024-03-24T11:57:13.404Z", "user": 1, "content_type": 14, "object_id": "48", "object_repr": "2024032408593848", "action_flag": 3, "change_message": ""}}, {"model": "admin.logentry", "pk": 90, "fields": {"action_time": "2024-03-24T11:57:13.405Z", "user": 1, "content_type": 14, "object_id": "47", "object_repr": "2024032408593347", "action_flag": 3, "change_message": ""}}, {"model": "admin.logentry", "pk": 91, "fields": {"action_time": "2024-03-24T11:57:13.406Z", "user": 1, "content_type": 14, "object_id": "46", "object_repr": "2024032408590946", "action_flag": 3, "change_message": ""}}, {"model": "admin.logentry", "pk": 92, "fields": {"action_time": "2024-03-24T11:57:13.408Z", "user": 1, "content_type": 14, "object_id": "45", "object_repr": "2024032408572745", "action_flag": 3, "change_message": ""}}, {"model": "admin.logentry", "pk": 93, "fields": {"action_time": "2024-03-24T11:57:13.409Z", "user": 1, "content_type": 14, "object_id": "44", "object_repr": "2024032408542044", "action_flag": 3, "change_message": ""}}, {"model": "admin.logentry", "pk": 94, "fields": {"action_time": "2024-03-24T11:57:13.409Z", "user": 1, "content_type": 14, "object_id": "43", "object_repr": "2024032320383643", "action_flag": 3, "change_message": ""}}, {"model": "admin.logentry", "pk": 95, "fields": {"action_time": "2024-03-24T11:57:13.410Z", "user": 1, "content_type": 14, "object_id": "42", "object_repr": "2024032320364642", "action_flag": 3, "change_message": ""}}, {"model": "admin.logentry", "pk": 96, "fields": {"action_time": "2024-03-24T11:57:13.411Z", "user": 1, "content_type": 14, "object_id": "41", "object_repr": "2024032320335741", "action_flag": 3, "change_message": ""}}, {"model": "admin.logentry", "pk": 97, "fields": {"action_time": "2024-03-24T11:57:13.412Z", "user": 1, "content_type": 14, "object_id": "40", "object_repr": "2024032320334640", "action_flag": 3, "change_message": ""}}, {"model": "admin.logentry", "pk": 98, "fields": {"action_time": "2024-03-24T11:57:13.412Z", "user": 1, "content_type": 14, "object_id": "39", "object_repr": "2024032320264439", "action_flag": 3, "change_message": ""}}, {"model": "admin.logentry", "pk": 99, "fields": {"action_time": "2024-03-24T11:57:13.413Z", "user": 1, "content_type": 14, "object_id": "38", "object_repr": "2024032320264038", "action_flag": 3, "change_message": ""}}, {"model": "admin.logentry", "pk": 100, "fields": {"action_time": "2024-03-24T11:57:13.414Z", "user": 1, "content_type": 14, "object_id": "37", "object_repr": "2024032320255537", "action_flag": 3, "change_message": ""}}, {"model": "admin.logentry", "pk": 101, "fields": {"action_time": "2024-03-24T11:57:13.414Z", "user": 1, "content_type": 14, "object_id": "36", "object_repr": "2024032312595036", "action_flag": 3, "change_message": ""}}, {"model": "admin.logentry", "pk": 102, "fields": {"action_time": "2024-03-24T11:57:13.415Z", "user": 1, "content_type": 14, "object_id": "35", "object_repr": "2024032312594435", "action_flag": 3, "change_message": ""}}, {"model": "admin.logentry", "pk": 103, "fields": {"action_time": "2024-03-24T11:57:13.416Z", "user": 1, "content_type": 14, "object_id": "34", "object_repr": "2024032312520034", "action_flag": 3, "change_message": ""}}, {"model": "admin.logentry", "pk": 104, "fields": {"action_time": "2024-03-24T11:57:13.417Z", "user": 1, "content_type": 14, "object_id": "33", "object_repr": "2024032312515633", "action_flag": 3, "change_message": ""}}, {"model": "admin.logentry", "pk": 105, "fields": {"action_time": "2024-03-24T11:57:13.417Z", "user": 1, "content_type": 14, "object_id": "32", "object_repr": "2024032312514332", "action_flag": 3, "change_message": ""}}, {"model": "admin.logentry", "pk": 106, "fields": {"action_time": "2024-03-24T11:57:13.418Z", "user": 1, "content_type": 14, "object_id": "31", "object_repr": "2024032312511831", "action_flag": 3, "change_message": ""}}, {"model": "admin.logentry", "pk": 107, "fields": {"action_time": "2024-03-24T11:57:13.419Z", "user": 1, "content_type": 14, "object_id": "30", "object_repr": "2024032312505230", "action_flag": 3, "change_message": ""}}, {"model": "admin.logentry", "pk": 108, "fields": {"action_time": "2024-03-24T11:57:13.419Z", "user": 1, "content_type": 14, "object_id": "29", "object_repr": "2024032312504829", "action_flag": 3, "change_message": ""}}, {"model": "admin.logentry", "pk": 109, "fields": {"action_time": "2024-03-24T11:57:13.420Z", "user": 1, "content_type": 14, "object_id": "28", "object_repr": "2024032312490028", "action_flag": 3, "change_message": ""}}, {"model": "admin.logentry", "pk": 110, "fields": {"action_time": "2024-03-24T11:57:13.421Z", "user": 1, "content_type": 14, "object_id": "27", "object_repr": "2024032312465627", "action_flag": 3, "change_message": ""}}, {"model": "admin.logentry", "pk": 111, "fields": {"action_time": "2024-03-24T11:57:13.421Z", "user": 1, "content_type": 14, "object_id": "26", "object_repr": "2024032312463726", "action_flag": 3, "change_message": ""}}, {"model": "admin.logentry", "pk": 112, "fields": {"action_time": "2024-03-24T11:57:13.422Z", "user": 1, "content_type": 14, "object_id": "25", "object_repr": "2024032312462025", "action_flag": 3, "change_message": ""}}, {"model": "admin.logentry", "pk": 113, "fields": {"action_time": "2024-03-24T11:57:13.422Z", "user": 1, "content_type": 14, "object_id": "24", "object_repr": "2024032312452024", "action_flag": 3, "change_message": ""}}, {"model": "admin.logentry", "pk": 114, "fields": {"action_time": "2024-03-24T11:57:13.423Z", "user": 1, "content_type": 14, "object_id": "23", "object_repr": "2024032312451423", "action_flag": 3, "change_message": ""}}, {"model": "admin.logentry", "pk": 115, "fields": {"action_time": "2024-03-24T11:57:13.424Z", "user": 1, "content_type": 14, "object_id": "22", "object_repr": "2024032312443422", "action_flag": 3, "change_message": ""}}, {"model": "admin.logentry", "pk": 116, "fields": {"action_time": "2024-03-24T11:57:13.424Z", "user": 1, "content_type": 14, "object_id": "21", "object_repr": "2024032312442721", "action_flag": 3, "change_message": ""}}, {"model": "admin.logentry", "pk": 117, "fields": {"action_time": "2024-03-24T11:57:13.425Z", "user": 1, "content_type": 14, "object_id": "20", "object_repr": "2024032311235820", "action_flag": 3, "change_message": ""}}, {"model": "admin.logentry", "pk": 118, "fields": {"action_time": "2024-03-24T11:57:13.426Z", "user": 1, "content_type": 14, "object_id": "19", "object_repr": "2024032311233619", "action_flag": 3, "change_message": ""}}, {"model": "admin.logentry", "pk": 119, "fields": {"action_time": "2024-03-24T11:57:13.427Z", "user": 1, "content_type": 14, "object_id": "18", "object_repr": "2024032311221518", "action_flag": 3, "change_message": ""}}, {"model": "admin.logentry", "pk": 120, "fields": {"action_time": "2024-03-24T11:57:13.428Z", "user": 1, "content_type": 14, "object_id": "17", "object_repr": "2024032311220517", "action_flag": 3, "change_message": ""}}, {"model": "admin.logentry", "pk": 121, "fields": {"action_time": "2024-03-24T11:57:13.428Z", "user": 1, "content_type": 14, "object_id": "16", "object_repr": "2024032311215516", "action_flag": 3, "change_message": ""}}, {"model": "admin.logentry", "pk": 122, "fields": {"action_time": "2024-03-24T11:57:13.429Z", "user": 1, "content_type": 14, "object_id": "15", "object_repr": "2024032311212115", "action_flag": 3, "change_message": ""}}, {"model": "admin.logentry", "pk": 123, "fields": {"action_time": "2024-03-24T11:57:13.430Z", "user": 1, "content_type": 14, "object_id": "14", "object_repr": "2024032311211014", "action_flag": 3, "change_message": ""}}, {"model": "admin.logentry", "pk": 124, "fields": {"action_time": "2024-03-24T11:57:13.430Z", "user": 1, "content_type": 14, "object_id": "13", "object_repr": "2024032311210413", "action_flag": 3, "change_message": ""}}, {"model": "admin.logentry", "pk": 125, "fields": {"action_time": "2024-03-24T11:57:13.431Z", "user": 1, "content_type": 14, "object_id": "12", "object_repr": "2024032311194112", "action_flag": 3, "change_message": ""}}, {"model": "admin.logentry", "pk": 126, "fields": {"action_time": "2024-03-24T11:57:13.432Z", "user": 1, "content_type": 14, "object_id": "11", "object_repr": "2024032311190311", "action_flag": 3, "change_message": ""}}, {"model": "admin.logentry", "pk": 127, "fields": {"action_time": "2024-03-24T11:57:13.433Z", "user": 1, "content_type": 14, "object_id": "10", "object_repr": "2024032311165910", "action_flag": 3, "change_message": ""}}, {"model": "admin.logentry", "pk": 128, "fields": {"action_time": "2024-03-24T11:57:13.433Z", "user": 1, "content_type": 14, "object_id": "9", "object_repr": "202403231116519", "action_flag": 3, "change_message": ""}}, {"model": "admin.logentry", "pk": 129, "fields": {"action_time": "2024-03-24T11:57:13.434Z", "user": 1, "content_type": 14, "object_id": "8", "object_repr": "202403231110248", "action_flag": 3, "change_message": ""}}, {"model": "admin.logentry", "pk": 130, "fields": {"action_time": "2024-03-24T11:57:13.434Z", "user": 1, "content_type": 14, "object_id": "7", "object_repr": "202403231108557", "action_flag": 3, "change_message": ""}}, {"model": "admin.logentry", "pk": 131, "fields": {"action_time": "2024-03-24T11:57:13.435Z", "user": 1, "content_type": 14, "object_id": "6", "object_repr": "202403231108466", "action_flag": 3, "change_message": ""}}, {"model": "admin.logentry", "pk": 132, "fields": {"action_time": "2024-03-24T11:57:13.436Z", "user": 1, "content_type": 14, "object_id": "5", "object_repr": "202403231107295", "action_flag": 3, "change_message": ""}}, {"model": "admin.logentry", "pk": 133, "fields": {"action_time": "2024-03-24T11:57:13.437Z", "user": 1, "content_type": 14, "object_id": "4", "object_repr": "202403231106584", "action_flag": 3, "change_message": ""}}, {"model": "admin.logentry", "pk": 134, "fields": {"action_time": "2024-03-24T11:57:13.438Z", "user": 1, "content_type": 14, "object_id": "3", "object_repr": "202403231106143", "action_flag": 3, "change_message": ""}}, {"model": "admin.logentry", "pk": 135, "fields": {"action_time": "2024-03-24T11:57:13.438Z", "user": 1, "content_type": 14, "object_id": "2", "object_repr": "202403131008502", "action_flag": 3, "change_message": ""}}, {"model": "admin.logentry", "pk": 136, "fields": {"action_time": "2024-03-24T11:57:13.439Z", "user": 1, "content_type": 14, "object_id": "1", "object_repr": "202403111930351", "action_flag": 3, "change_message": ""}}, {"model": "admin.logentry", "pk": 137, "fields": {"action_time": "2024-03-24T11:57:21.446Z", "user": 1, "content_type": 15, "object_id": "5", "object_repr": "Dn4qMG4GBHjfJxLAxLsRHk", "action_flag": 3, "change_message": ""}}, {"model": "admin.logentry", "pk": 138, "fields": {"action_time": "2024-03-24T11:57:21.455Z", "user": 1, "content_type": 15, "object_id": "4", "object_repr": "WimJ3bFeZj2nTsP8tR7xZ3", "action_flag": 3, "change_message": ""}}, {"model": "admin.logentry", "pk": 139, "fields": {"action_time": "2024-03-24T11:57:21.456Z", "user": 1, "content_type": 15, "object_id": "3", "object_repr": "bcuW7itquB2e3PDsxo2gH2", "action_flag": 3, "change_message": ""}}, {"model": "admin.logentry", "pk": 140, "fields": {"action_time": "2024-03-24T11:57:21.457Z", "user": 1, "content_type": 15, "object_id": "2", "object_repr": "fVYDkR4iNq5F8JbJG2woEH", "action_flag": 3, "change_message": ""}}, {"model": "admin.logentry", "pk": 141, "fields": {"action_time": "2024-03-24T11:57:21.458Z", "user": 1, "content_type": 15, "object_id": "1", "object_repr": "9vV7CtoaC3fersjitcCdSX", "action_flag": 3, "change_message": ""}}, {"model": "admin.logentry", "pk": 142, "fields": {"action_time": "2024-03-24T11:58:58.959Z", "user": 1, "content_type": 14, "object_id": "89", "object_repr": "2024032417425089", "action_flag": 3, "change_message": ""}}, {"model": "admin.logentry", "pk": 143, "fields": {"action_time": "2024-03-24T11:58:58.973Z", "user": 1, "content_type": 14, "object_id": "88", "object_repr": "2024032417424688", "action_flag": 3, "change_message": ""}}, {"model": "admin.logentry", "pk": 144, "fields": {"action_time": "2024-03-24T12:03:57.970Z", "user": 1, "content_type": 14, "object_id": "90", "object_repr": "2024032417425390", "action_flag": 3, "change_message": ""}}, {"model": "admin.logentry", "pk": 145, "fields": {"action_time": "2024-03-24T12:05:33.825Z", "user": 1, "content_type": 15, "object_id": "6", "object_repr": "t6g74EV2NeMbFsY9kWiZFk", "action_flag": 3, "change_message": ""}}, {"model": "admin.logentry", "pk": 146, "fields": {"action_time": "2024-03-24T12:07:41.447Z", "user": 1, "content_type": 14, "object_id": "92", "object_repr": "2024032417520492", "action_flag": 3, "change_message": ""}}, {"model": "admin.logentry", "pk": 147, "fields": {"action_time": "2024-03-24T15:17:56.437Z", "user": 1, "content_type": 14, "object_id": "96", "object_repr": "2024032420405796", "action_flag": 3, "change_message": ""}}, {"model": "admin.logentry", "pk": 148, "fields": {"action_time": "2024-03-24T15:17:56.440Z", "user": 1, "content_type": 14, "object_id": "95", "object_repr": "2024032420404395", "action_flag": 3, "change_message": ""}}, {"model": "admin.logentry", "pk": 149, "fields": {"action_time": "2024-03-24T15:17:56.441Z", "user": 1, "content_type": 14, "object_id": "94", "object_repr": "2024032420400294", "action_flag": 3, "change_message": ""}}, {"model": "admin.logentry", "pk": 150, "fields": {"action_time": "2024-03-25T09:18:39.754Z", "user": 1, "content_type": 14, "object_id": "181", "object_repr": "20240325150304181", "action_flag": 3, "change_message": ""}}, {"model": "admin.logentry", "pk": 151, "fields": {"action_time": "2024-03-25T09:18:39.759Z", "user": 1, "content_type": 14, "object_id": "180", "object_repr": "20240325145740180", "action_flag": 3, "change_message": ""}}, {"model": "admin.logentry", "pk": 152, "fields": {"action_time": "2024-03-25T09:18:39.760Z", "user": 1, "content_type": 14, "object_id": "179", "object_repr": "20240325144828179", "action_flag": 3, "change_message": ""}}, {"model": "admin.logentry", "pk": 153, "fields": {"action_time": "2024-03-25T09:18:39.762Z", "user": 1, "content_type": 14, "object_id": "178", "object_repr": "20240325144633178", "action_flag": 3, "change_message": ""}}, {"model": "admin.logentry", "pk": 154, "fields": {"action_time": "2024-03-25T09:18:39.763Z", "user": 1, "content_type": 14, "object_id": "177", "object_repr": "20240325144358177", "action_flag": 3, "change_message": ""}}, {"model": "admin.logentry", "pk": 155, "fields": {"action_time": "2024-03-25T09:18:39.764Z", "user": 1, "content_type": 14, "object_id": "176", "object_repr": "20240325144348176", "action_flag": 3, "change_message": ""}}, {"model": "admin.logentry", "pk": 156, "fields": {"action_time": "2024-03-25T09:18:39.765Z", "user": 1, "content_type": 14, "object_id": "175", "object_repr": "20240325144336175", "action_flag": 3, "change_message": ""}}, {"model": "admin.logentry", "pk": 157, "fields": {"action_time": "2024-03-25T09:18:39.766Z", "user": 1, "content_type": 14, "object_id": "174", "object_repr": "20240325144013174", "action_flag": 3, "change_message": ""}}, {"model": "admin.logentry", "pk": 158, "fields": {"action_time": "2024-03-25T09:18:39.767Z", "user": 1, "content_type": 14, "object_id": "173", "object_repr": "20240325143855173", "action_flag": 3, "change_message": ""}}, {"model": "admin.logentry", "pk": 159, "fields": {"action_time": "2024-03-25T09:18:39.768Z", "user": 1, "content_type": 14, "object_id": "172", "object_repr": "20240325143826172", "action_flag": 3, "change_message": ""}}, {"model": "admin.logentry", "pk": 160, "fields": {"action_time": "2024-03-25T09:18:39.769Z", "user": 1, "content_type": 14, "object_id": "171", "object_repr": "20240325143516171", "action_flag": 3, "change_message": ""}}, {"model": "admin.logentry", "pk": 161, "fields": {"action_time": "2024-03-25T09:18:39.770Z", "user": 1, "content_type": 14, "object_id": "170", "object_repr": "20240325143335170", "action_flag": 3, "change_message": ""}}, {"model": "admin.logentry", "pk": 162, "fields": {"action_time": "2024-03-25T09:18:39.770Z", "user": 1, "content_type": 14, "object_id": "169", "object_repr": "20240325143038169", "action_flag": 3, "change_message": ""}}, {"model": "admin.logentry", "pk": 163, "fields": {"action_time": "2024-03-25T09:18:39.771Z", "user": 1, "content_type": 14, "object_id": "168", "object_repr": "20240325143034168", "action_flag": 3, "change_message": ""}}, {"model": "admin.logentry", "pk": 164, "fields": {"action_time": "2024-03-25T09:18:39.772Z", "user": 1, "content_type": 14, "object_id": "167", "object_repr": "20240325143031167", "action_flag": 3, "change_message": ""}}, {"model": "admin.logentry", "pk": 165, "fields": {"action_time": "2024-03-25T09:18:39.773Z", "user": 1, "content_type": 14, "object_id": "166", "object_repr": "20240325142923166", "action_flag": 3, "change_message": ""}}, {"model": "admin.logentry", "pk": 166, "fields": {"action_time": "2024-03-25T09:18:39.774Z", "user": 1, "content_type": 14, "object_id": "165", "object_repr": "20240325142751165", "action_flag": 3, "change_message": ""}}, {"model": "admin.logentry", "pk": 167, "fields": {"action_time": "2024-03-25T09:18:39.775Z", "user": 1, "content_type": 14, "object_id": "164", "object_repr": "20240325142748164", "action_flag": 3, "change_message": ""}}, {"model": "admin.logentry", "pk": 168, "fields": {"action_time": "2024-03-25T09:18:39.776Z", "user": 1, "content_type": 14, "object_id": "163", "object_repr": "20240325142718163", "action_flag": 3, "change_message": ""}}, {"model": "admin.logentry", "pk": 169, "fields": {"action_time": "2024-03-25T09:18:39.777Z", "user": 1, "content_type": 14, "object_id": "162", "object_repr": "20240325142659162", "action_flag": 3, "change_message": ""}}, {"model": "admin.logentry", "pk": 170, "fields": {"action_time": "2024-03-25T09:18:39.777Z", "user": 1, "content_type": 14, "object_id": "161", "object_repr": "20240325142656161", "action_flag": 3, "change_message": ""}}, {"model": "admin.logentry", "pk": 171, "fields": {"action_time": "2024-03-25T09:18:39.778Z", "user": 1, "content_type": 14, "object_id": "160", "object_repr": "20240325142650160", "action_flag": 3, "change_message": ""}}, {"model": "admin.logentry", "pk": 172, "fields": {"action_time": "2024-03-25T09:18:39.779Z", "user": 1, "content_type": 14, "object_id": "159", "object_repr": "20240325142401159", "action_flag": 3, "change_message": ""}}, {"model": "admin.logentry", "pk": 173, "fields": {"action_time": "2024-03-25T09:18:39.780Z", "user": 1, "content_type": 14, "object_id": "158", "object_repr": "20240325142021158", "action_flag": 3, "change_message": ""}}, {"model": "admin.logentry", "pk": 174, "fields": {"action_time": "2024-03-25T09:18:39.781Z", "user": 1, "content_type": 14, "object_id": "157", "object_repr": "20240325141941157", "action_flag": 3, "change_message": ""}}, {"model": "admin.logentry", "pk": 175, "fields": {"action_time": "2024-03-25T09:18:39.782Z", "user": 1, "content_type": 14, "object_id": "156", "object_repr": "20240325141935156", "action_flag": 3, "change_message": ""}}, {"model": "admin.logentry", "pk": 176, "fields": {"action_time": "2024-03-25T09:18:39.783Z", "user": 1, "content_type": 14, "object_id": "155", "object_repr": "20240325141932155", "action_flag": 3, "change_message": ""}}, {"model": "admin.logentry", "pk": 177, "fields": {"action_time": "2024-03-25T09:18:39.783Z", "user": 1, "content_type": 14, "object_id": "154", "object_repr": "20240325141927154", "action_flag": 3, "change_message": ""}}, {"model": "admin.logentry", "pk": 178, "fields": {"action_time": "2024-03-25T09:18:39.784Z", "user": 1, "content_type": 14, "object_id": "153", "object_repr": "20240325141816153", "action_flag": 3, "change_message": ""}}, {"model": "admin.logentry", "pk": 179, "fields": {"action_time": "2024-03-25T09:18:39.785Z", "user": 1, "content_type": 14, "object_id": "152", "object_repr": "20240325141654152", "action_flag": 3, "change_message": ""}}, {"model": "admin.logentry", "pk": 180, "fields": {"action_time": "2024-03-25T09:18:39.785Z", "user": 1, "content_type": 14, "object_id": "151", "object_repr": "20240325141545151", "action_flag": 3, "change_message": ""}}, {"model": "admin.logentry", "pk": 181, "fields": {"action_time": "2024-03-25T09:18:39.786Z", "user": 1, "content_type": 14, "object_id": "150", "object_repr": "20240325141543150", "action_flag": 3, "change_message": ""}}, {"model": "admin.logentry", "pk": 182, "fields": {"action_time": "2024-03-25T09:18:39.787Z", "user": 1, "content_type": 14, "object_id": "149", "object_repr": "20240325141537149", "action_flag": 3, "change_message": ""}}, {"model": "admin.logentry", "pk": 183, "fields": {"action_time": "2024-03-25T09:18:39.787Z", "user": 1, "content_type": 14, "object_id": "148", "object_repr": "20240325141414148", "action_flag": 3, "change_message": ""}}, {"model": "admin.logentry", "pk": 184, "fields": {"action_time": "2024-03-25T09:18:39.788Z", "user": 1, "content_type": 14, "object_id": "147", "object_repr": "20240325140503147", "action_flag": 3, "change_message": ""}}, {"model": "admin.logentry", "pk": 185, "fields": {"action_time": "2024-03-25T09:18:39.789Z", "user": 1, "content_type": 14, "object_id": "146", "object_repr": "20240325133738146", "action_flag": 3, "change_message": ""}}, {"model": "admin.logentry", "pk": 186, "fields": {"action_time": "2024-03-25T09:18:39.790Z", "user": 1, "content_type": 14, "object_id": "145", "object_repr": "20240325133615145", "action_flag": 3, "change_message": ""}}, {"model": "admin.logentry", "pk": 187, "fields": {"action_time": "2024-03-25T09:18:39.790Z", "user": 1, "content_type": 14, "object_id": "144", "object_repr": "20240325133519144", "action_flag": 3, "change_message": ""}}, {"model": "admin.logentry", "pk": 188, "fields": {"action_time": "2024-03-25T09:18:39.792Z", "user": 1, "content_type": 14, "object_id": "143", "object_repr": "20240325133451143", "action_flag": 3, "change_message": ""}}, {"model": "admin.logentry", "pk": 189, "fields": {"action_time": "2024-03-25T09:18:39.793Z", "user": 1, "content_type": 14, "object_id": "142", "object_repr": "20240325133421142", "action_flag": 3, "change_message": ""}}, {"model": "admin.logentry", "pk": 190, "fields": {"action_time": "2024-03-25T09:18:39.793Z", "user": 1, "content_type": 14, "object_id": "141", "object_repr": "20240325133411141", "action_flag": 3, "change_message": ""}}, {"model": "admin.logentry", "pk": 191, "fields": {"action_time": "2024-03-25T09:18:39.794Z", "user": 1, "content_type": 14, "object_id": "140", "object_repr": "20240325133318140", "action_flag": 3, "change_message": ""}}, {"model": "admin.logentry", "pk": 192, "fields": {"action_time": "2024-03-25T09:18:39.795Z", "user": 1, "content_type": 14, "object_id": "139", "object_repr": "20240325133229139", "action_flag": 3, "change_message": ""}}, {"model": "admin.logentry", "pk": 193, "fields": {"action_time": "2024-03-25T09:18:39.796Z", "user": 1, "content_type": 14, "object_id": "138", "object_repr": "20240325133016138", "action_flag": 3, "change_message": ""}}, {"model": "admin.logentry", "pk": 194, "fields": {"action_time": "2024-03-25T09:18:39.797Z", "user": 1, "content_type": 14, "object_id": "137", "object_repr": "20240325132906137", "action_flag": 3, "change_message": ""}}, {"model": "admin.logentry", "pk": 195, "fields": {"action_time": "2024-03-25T09:18:39.798Z", "user": 1, "content_type": 14, "object_id": "136", "object_repr": "20240325132851136", "action_flag": 3, "change_message": ""}}, {"model": "admin.logentry", "pk": 196, "fields": {"action_time": "2024-03-25T09:18:39.798Z", "user": 1, "content_type": 14, "object_id": "135", "object_repr": "20240325132533135", "action_flag": 3, "change_message": ""}}, {"model": "admin.logentry", "pk": 197, "fields": {"action_time": "2024-03-25T09:18:39.799Z", "user": 1, "content_type": 14, "object_id": "134", "object_repr": "20240325132503134", "action_flag": 3, "change_message": ""}}, {"model": "admin.logentry", "pk": 198, "fields": {"action_time": "2024-03-25T09:18:39.800Z", "user": 1, "content_type": 14, "object_id": "133", "object_repr": "20240325132052133", "action_flag": 3, "change_message": ""}}, {"model": "admin.logentry", "pk": 199, "fields": {"action_time": "2024-03-25T09:18:39.801Z", "user": 1, "content_type": 14, "object_id": "132", "object_repr": "20240325132022132", "action_flag": 3, "change_message": ""}}, {"model": "admin.logentry", "pk": 200, "fields": {"action_time": "2024-03-25T09:18:39.802Z", "user": 1, "content_type": 14, "object_id": "131", "object_repr": "20240325131834131", "action_flag": 3, "change_message": ""}}, {"model": "admin.logentry", "pk": 201, "fields": {"action_time": "2024-03-25T09:18:39.803Z", "user": 1, "content_type": 14, "object_id": "130", "object_repr": "20240325131829130", "action_flag": 3, "change_message": ""}}, {"model": "admin.logentry", "pk": 202, "fields": {"action_time": "2024-03-25T09:18:39.805Z", "user": 1, "content_type": 14, "object_id": "129", "object_repr": "20240325131826129", "action_flag": 3, "change_message": ""}}, {"model": "admin.logentry", "pk": 203, "fields": {"action_time": "2024-03-25T09:18:39.806Z", "user": 1, "content_type": 14, "object_id": "128", "object_repr": "20240325131817128", "action_flag": 3, "change_message": ""}}, {"model": "admin.logentry", "pk": 204, "fields": {"action_time": "2024-03-25T09:18:39.808Z", "user": 1, "content_type": 14, "object_id": "127", "object_repr": "20240325131807127", "action_flag": 3, "change_message": ""}}, {"model": "admin.logentry", "pk": 205, "fields": {"action_time": "2024-03-25T09:18:39.809Z", "user": 1, "content_type": 14, "object_id": "126", "object_repr": "20240325131742126", "action_flag": 3, "change_message": ""}}, {"model": "admin.logentry", "pk": 206, "fields": {"action_time": "2024-03-25T09:18:39.810Z", "user": 1, "content_type": 14, "object_id": "125", "object_repr": "20240325131736125", "action_flag": 3, "change_message": ""}}, {"model": "admin.logentry", "pk": 207, "fields": {"action_time": "2024-03-25T09:18:39.811Z", "user": 1, "content_type": 14, "object_id": "124", "object_repr": "20240325131700124", "action_flag": 3, "change_message": ""}}, {"model": "admin.logentry", "pk": 208, "fields": {"action_time": "2024-03-25T09:18:39.812Z", "user": 1, "content_type": 14, "object_id": "123", "object_repr": "20240325131648123", "action_flag": 3, "change_message": ""}}, {"model": "admin.logentry", "pk": 209, "fields": {"action_time": "2024-03-25T09:18:39.813Z", "user": 1, "content_type": 14, "object_id": "122", "object_repr": "20240325131640122", "action_flag": 3, "change_message": ""}}, {"model": "admin.logentry", "pk": 210, "fields": {"action_time": "2024-03-25T09:18:39.814Z", "user": 1, "content_type": 14, "object_id": "121", "object_repr": "20240325131629121", "action_flag": 3, "change_message": ""}}, {"model": "admin.logentry", "pk": 211, "fields": {"action_time": "2024-03-25T09:18:39.815Z", "user": 1, "content_type": 14, "object_id": "120", "object_repr": "20240325131312120", "action_flag": 3, "change_message": ""}}, {"model": "admin.logentry", "pk": 212, "fields": {"action_time": "2024-03-25T09:18:39.817Z", "user": 1, "content_type": 14, "object_id": "119", "object_repr": "20240325131113119", "action_flag": 3, "change_message": ""}}, {"model": "admin.logentry", "pk": 213, "fields": {"action_time": "2024-03-25T09:18:39.818Z", "user": 1, "content_type": 14, "object_id": "118", "object_repr": "20240325131102118", "action_flag": 3, "change_message": ""}}, {"model": "admin.logentry", "pk": 214, "fields": {"action_time": "2024-03-25T09:18:39.818Z", "user": 1, "content_type": 14, "object_id": "117", "object_repr": "20240325131056117", "action_flag": 3, "change_message": ""}}, {"model": "admin.logentry", "pk": 215, "fields": {"action_time": "2024-03-25T09:18:39.819Z", "user": 1, "content_type": 14, "object_id": "116", "object_repr": "20240325131053116", "action_flag": 3, "change_message": ""}}, {"model": "admin.logentry", "pk": 216, "fields": {"action_time": "2024-03-25T09:18:39.820Z", "user": 1, "content_type": 14, "object_id": "115", "object_repr": "20240325130824115", "action_flag": 3, "change_message": ""}}, {"model": "admin.logentry", "pk": 217, "fields": {"action_time": "2024-03-25T09:18:39.820Z", "user": 1, "content_type": 14, "object_id": "114", "object_repr": "20240325130812114", "action_flag": 3, "change_message": ""}}, {"model": "admin.logentry", "pk": 218, "fields": {"action_time": "2024-03-25T09:18:39.821Z", "user": 1, "content_type": 14, "object_id": "113", "object_repr": "20240325130758113", "action_flag": 3, "change_message": ""}}, {"model": "admin.logentry", "pk": 219, "fields": {"action_time": "2024-03-25T09:18:39.822Z", "user": 1, "content_type": 14, "object_id": "112", "object_repr": "20240325130750112", "action_flag": 3, "change_message": ""}}, {"model": "admin.logentry", "pk": 220, "fields": {"action_time": "2024-03-25T09:18:39.823Z", "user": 1, "content_type": 14, "object_id": "111", "object_repr": "20240325130741111", "action_flag": 3, "change_message": ""}}, {"model": "admin.logentry", "pk": 221, "fields": {"action_time": "2024-03-25T09:18:39.824Z", "user": 1, "content_type": 14, "object_id": "110", "object_repr": "20240325124034110", "action_flag": 3, "change_message": ""}}, {"model": "admin.logentry", "pk": 222, "fields": {"action_time": "2024-03-25T09:18:39.825Z", "user": 1, "content_type": 14, "object_id": "109", "object_repr": "20240325124028109", "action_flag": 3, "change_message": ""}}, {"model": "admin.logentry", "pk": 223, "fields": {"action_time": "2024-03-25T09:18:39.826Z", "user": 1, "content_type": 14, "object_id": "108", "object_repr": "20240325124006108", "action_flag": 3, "change_message": ""}}, {"model": "admin.logentry", "pk": 224, "fields": {"action_time": "2024-03-25T09:18:39.827Z", "user": 1, "content_type": 14, "object_id": "107", "object_repr": "20240325123916107", "action_flag": 3, "change_message": ""}}, {"model": "admin.logentry", "pk": 225, "fields": {"action_time": "2024-03-25T09:18:39.827Z", "user": 1, "content_type": 14, "object_id": "106", "object_repr": "20240325123722106", "action_flag": 3, "change_message": ""}}, {"model": "admin.logentry", "pk": 226, "fields": {"action_time": "2024-03-25T09:18:39.828Z", "user": 1, "content_type": 14, "object_id": "105", "object_repr": "20240325123546105", "action_flag": 3, "change_message": ""}}, {"model": "admin.logentry", "pk": 227, "fields": {"action_time": "2024-03-25T09:18:39.829Z", "user": 1, "content_type": 14, "object_id": "104", "object_repr": "20240325123420104", "action_flag": 3, "change_message": ""}}, {"model": "admin.logentry", "pk": 228, "fields": {"action_time": "2024-03-25T09:18:39.830Z", "user": 1, "content_type": 14, "object_id": "103", "object_repr": "20240325123226103", "action_flag": 3, "change_message": ""}}, {"model": "admin.logentry", "pk": 229, "fields": {"action_time": "2024-03-25T09:18:39.831Z", "user": 1, "content_type": 14, "object_id": "102", "object_repr": "20240325123218102", "action_flag": 3, "change_message": ""}}, {"model": "admin.logentry", "pk": 230, "fields": {"action_time": "2024-03-25T09:18:39.832Z", "user": 1, "content_type": 14, "object_id": "101", "object_repr": "20240325123114101", "action_flag": 3, "change_message": ""}}, {"model": "admin.logentry", "pk": 231, "fields": {"action_time": "2024-03-25T09:18:39.833Z", "user": 1, "content_type": 14, "object_id": "100", "object_repr": "20240325123104100", "action_flag": 3, "change_message": ""}}, {"model": "admin.logentry", "pk": 232, "fields": {"action_time": "2024-03-25T09:18:39.834Z", "user": 1, "content_type": 14, "object_id": "99", "object_repr": "2024032512285399", "action_flag": 3, "change_message": ""}}, {"model": "admin.logentry", "pk": 233, "fields": {"action_time": "2024-03-25T09:18:39.835Z", "user": 1, "content_type": 14, "object_id": "98", "object_repr": "2024032509260498", "action_flag": 3, "change_message": ""}}, {"model": "admin.logentry", "pk": 234, "fields": {"action_time": "2024-03-25T09:18:39.836Z", "user": 1, "content_type": 14, "object_id": "97", "object_repr": "2024032420410997", "action_flag": 3, "change_message": ""}}, {"model": "admin.logentry", "pk": 235, "fields": {"action_time": "2024-03-25T09:18:39.837Z", "user": 1, "content_type": 14, "object_id": "93", "object_repr": "2024032417534193", "action_flag": 3, "change_message": ""}}, {"model": "admin.logentry", "pk": 236, "fields": {"action_time": "2024-03-25T09:18:39.838Z", "user": 1, "content_type": 14, "object_id": "91", "object_repr": "2024032417491991", "action_flag": 3, "change_message": ""}}, {"model": "admin.logentry", "pk": 237, "fields": {"action_time": "2024-03-25T09:18:49.002Z", "user": 1, "content_type": 15, "object_id": "10", "object_repr": "vkNchroiSHqBaniw4WX8NY", "action_flag": 3, "change_message": ""}}, {"model": "admin.logentry", "pk": 238, "fields": {"action_time": "2024-03-25T09:18:49.014Z", "user": 1, "content_type": 15, "object_id": "9", "object_repr": "jZxcR6EUmiBpGCvxov29D3", "action_flag": 3, "change_message": ""}}, {"model": "admin.logentry", "pk": 239, "fields": {"action_time": "2024-03-25T09:18:49.015Z", "user": 1, "content_type": 15, "object_id": "8", "object_repr": "p3S57yug9D6wMpW4YHnzBA", "action_flag": 3, "change_message": ""}}, {"model": "admin.logentry", "pk": 240, "fields": {"action_time": "2024-03-25T09:18:49.017Z", "user": 1, "content_type": 15, "object_id": "7", "object_repr": "Tr7prGEBoEexXJTFZKnaxf", "action_flag": 3, "change_message": ""}}, {"model": "admin.logentry", "pk": 241, "fields": {"action_time": "2024-03-25T09:31:06.501Z", "user": 1, "content_type": 14, "object_id": "185", "object_repr": "20240325151527185", "action_flag": 3, "change_message": ""}}, {"model": "admin.logentry", "pk": 242, "fields": {"action_time": "2024-03-25T09:31:06.513Z", "user": 1, "content_type": 14, "object_id": "184", "object_repr": "20240325151425184", "action_flag": 3, "change_message": ""}}, {"model": "admin.logentry", "pk": 243, "fields": {"action_time": "2024-03-25T09:31:06.514Z", "user": 1, "content_type": 14, "object_id": "183", "object_repr": "20240325150541183", "action_flag": 3, "change_message": ""}}, {"model": "admin.logentry", "pk": 244, "fields": {"action_time": "2024-03-25T09:31:06.515Z", "user": 1, "content_type": 14, "object_id": "182", "object_repr": "20240325150414182", "action_flag": 3, "change_message": ""}}, {"model": "admin.logentry", "pk": 245, "fields": {"action_time": "2024-03-25T09:31:11.651Z", "user": 1, "content_type": 15, "object_id": "13", "object_repr": "24B935836E237241S", "action_flag": 3, "change_message": ""}}, {"model": "admin.logentry", "pk": 246, "fields": {"action_time": "2024-03-25T09:31:11.663Z", "user": 1, "content_type": 15, "object_id": "12", "object_repr": "8VV65761LH779281R", "action_flag": 3, "change_message": ""}}, {"model": "admin.logentry", "pk": 247, "fields": {"action_time": "2024-03-25T09:31:11.664Z", "user": 1, "content_type": 15, "object_id": "11", "object_repr": "80J02743BM0523103", "action_flag": 3, "change_message": ""}}, {"model": "admin.logentry", "pk": 248, "fields": {"action_time": "2024-03-25T11:39:14.467Z", "user": 1, "content_type": 14, "object_id": "201", "object_repr": "20240325171815201", "action_flag": 3, "change_message": ""}}, {"model": "admin.logentry", "pk": 249, "fields": {"action_time": "2024-03-25T11:39:14.479Z", "user": 1, "content_type": 14, "object_id": "200", "object_repr": "20240325164655200", "action_flag": 3, "change_message": ""}}, {"model": "admin.logentry", "pk": 250, "fields": {"action_time": "2024-03-25T11:39:14.480Z", "user": 1, "content_type": 14, "object_id": "199", "object_repr": "20240325164432199", "action_flag": 3, "change_message": ""}}, {"model": "admin.logentry", "pk": 251, "fields": {"action_time": "2024-03-25T11:39:14.481Z", "user": 1, "content_type": 14, "object_id": "198", "object_repr": "20240325163810198", "action_flag": 3, "change_message": ""}}, {"model": "admin.logentry", "pk": 252, "fields": {"action_time": "2024-03-25T11:39:14.482Z", "user": 1, "content_type": 14, "object_id": "197", "object_repr": "20240325163548197", "action_flag": 3, "change_message": ""}}, {"model": "admin.logentry", "pk": 253, "fields": {"action_time": "2024-03-25T11:39:14.482Z", "user": 1, "content_type": 14, "object_id": "196", "object_repr": "20240325163357196", "action_flag": 3, "change_message": ""}}, {"model": "admin.logentry", "pk": 254, "fields": {"action_time": "2024-03-25T11:39:14.483Z", "user": 1, "content_type": 14, "object_id": "195", "object_repr": "20240325163252195", "action_flag": 3, "change_message": ""}}, {"model": "admin.logentry", "pk": 255, "fields": {"action_time": "2024-03-25T11:39:14.484Z", "user": 1, "content_type": 14, "object_id": "194", "object_repr": "20240325163112194", "action_flag": 3, "change_message": ""}}, {"model": "admin.logentry", "pk": 256, "fields": {"action_time": "2024-03-25T11:39:14.485Z", "user": 1, "content_type": 14, "object_id": "193", "object_repr": "20240325162336193", "action_flag": 3, "change_message": ""}}, {"model": "admin.logentry", "pk": 257, "fields": {"action_time": "2024-03-25T11:39:14.485Z", "user": 1, "content_type": 14, "object_id": "192", "object_repr": "20240325160838192", "action_flag": 3, "change_message": ""}}, {"model": "admin.logentry", "pk": 258, "fields": {"action_time": "2024-03-25T11:39:14.486Z", "user": 1, "content_type": 14, "object_id": "191", "object_repr": "20240325155900191", "action_flag": 3, "change_message": ""}}, {"model": "admin.logentry", "pk": 259, "fields": {"action_time": "2024-03-25T11:39:14.487Z", "user": 1, "content_type": 14, "object_id": "190", "object_repr": "20240325155439190", "action_flag": 3, "change_message": ""}}, {"model": "admin.logentry", "pk": 260, "fields": {"action_time": "2024-03-25T11:39:14.487Z", "user": 1, "content_type": 14, "object_id": "189", "object_repr": "20240325155103189", "action_flag": 3, "change_message": ""}}, {"model": "admin.logentry", "pk": 261, "fields": {"action_time": "2024-03-25T11:39:14.488Z", "user": 1, "content_type": 14, "object_id": "188", "object_repr": "20240325153807188", "action_flag": 3, "change_message": ""}}, {"model": "admin.logentry", "pk": 262, "fields": {"action_time": "2024-03-25T11:39:14.489Z", "user": 1, "content_type": 14, "object_id": "187", "object_repr": "20240325153748187", "action_flag": 3, "change_message": ""}}, {"model": "admin.logentry", "pk": 263, "fields": {"action_time": "2024-03-25T11:39:14.489Z", "user": 1, "content_type": 14, "object_id": "186", "object_repr": "20240325151816186", "action_flag": 3, "change_message": ""}}, {"model": "admin.logentry", "pk": 264, "fields": {"action_time": "2024-03-25T11:39:21.351Z", "user": 1, "content_type": 15, "object_id": "29", "object_repr": "2P494263D94515201", "action_flag": 3, "change_message": ""}}, {"model": "admin.logentry", "pk": 265, "fields": {"action_time": "2024-03-25T11:39:21.362Z", "user": 1, "content_type": 15, "object_id": "28", "object_repr": "26R91970KD097673T", "action_flag": 3, "change_message": ""}}, {"model": "admin.logentry", "pk": 266, "fields": {"action_time": "2024-03-25T11:39:21.363Z", "user": 1, "content_type": 15, "object_id": "27", "object_repr": "4XT281552C2011256", "action_flag": 3, "change_message": ""}}, {"model": "admin.logentry", "pk": 267, "fields": {"action_time": "2024-03-25T11:39:21.364Z", "user": 1, "content_type": 15, "object_id": "26", "object_repr": "8HS09159WK521314J", "action_flag": 3, "change_message": ""}}, {"model": "admin.logentry", "pk": 268, "fields": {"action_time": "2024-03-25T11:39:21.365Z", "user": 1, "content_type": 15, "object_id": "25", "object_repr": "82J097450B7636334", "action_flag": 3, "change_message": ""}}, {"model": "admin.logentry", "pk": 269, "fields": {"action_time": "2024-03-25T11:39:21.366Z", "user": 1, "content_type": 15, "object_id": "24", "object_repr": "0JE55500WF2359000", "action_flag": 3, "change_message": ""}}, {"model": "admin.logentry", "pk": 270, "fields": {"action_time": "2024-03-25T11:39:21.367Z", "user": 1, "content_type": 15, "object_id": "23", "object_repr": "3S583144CY786502A", "action_flag": 3, "change_message": ""}}, {"model": "admin.logentry", "pk": 271, "fields": {"action_time": "2024-03-25T11:39:21.368Z", "user": 1, "content_type": 15, "object_id": "22", "object_repr": "5C771109EA6283013", "action_flag": 3, "change_message": ""}}, {"model": "admin.logentry", "pk": 272, "fields": {"action_time": "2024-03-25T11:39:21.368Z", "user": 1, "content_type": 15, "object_id": "21", "object_repr": "2Y4225757Y7696839", "action_flag": 3, "change_message": ""}}, {"model": "admin.logentry", "pk": 273, "fields": {"action_time": "2024-03-25T11:39:21.370Z", "user": 1, "content_type": 15, "object_id": "20", "object_repr": "8794862945835151F", "action_flag": 3, "change_message": ""}}, {"model": "admin.logentry", "pk": 274, "fields": {"action_time": "2024-03-25T11:39:21.370Z", "user": 1, "content_type": 15, "object_id": "19", "object_repr": "0T626820G8710210A", "action_flag": 3, "change_message": ""}}, {"model": "admin.logentry", "pk": 275, "fields": {"action_time": "2024-03-25T11:39:21.371Z", "user": 1, "content_type": 15, "object_id": "18", "object_repr": "85C81728SM060961N", "action_flag": 3, "change_message": ""}}, {"model": "admin.logentry", "pk": 276, "fields": {"action_time": "2024-03-25T11:39:21.372Z", "user": 1, "content_type": 15, "object_id": "17", "object_repr": "6PG69502LS880332K", "action_flag": 3, "change_message": ""}}, {"model": "admin.logentry", "pk": 277, "fields": {"action_time": "2024-03-25T11:39:21.372Z", "user": 1, "content_type": 15, "object_id": "16", "object_repr": "6UP97752597478548", "action_flag": 3, "change_message": ""}}, {"model": "admin.logentry", "pk": 278, "fields": {"action_time": "2024-03-25T11:39:21.372Z", "user": 1, "content_type": 15, "object_id": "15", "object_repr": "6SF33825K9603051R", "action_flag": 3, "change_message": ""}}, {"model": "admin.logentry", "pk": 279, "fields": {"action_time": "2024-03-25T11:39:21.373Z", "user": 1, "content_type": 15, "object_id": "14", "object_repr": "1LX51406J0769230N", "action_flag": 3, "change_message": ""}}, {"model": "admin.logentry", "pk": 280, "fields": {"action_time": "2024-03-26T05:32:19.994Z", "user": 1, "content_type": 14, "object_id": "217", "object_repr": "20240326111503217", "action_flag": 3, "change_message": ""}}, {"model": "admin.logentry", "pk": 281, "fields": {"action_time": "2024-03-26T05:32:20.007Z", "user": 1, "content_type": 14, "object_id": "216", "object_repr": "20240326111453216", "action_flag": 3, "change_message": ""}}, {"model": "admin.logentry", "pk": 282, "fields": {"action_time": "2024-03-26T05:32:20.008Z", "user": 1, "content_type": 14, "object_id": "215", "object_repr": "20240326111439215", "action_flag": 3, "change_message": ""}}, {"model": "admin.logentry", "pk": 283, "fields": {"action_time": "2024-03-26T05:32:20.008Z", "user": 1, "content_type": 14, "object_id": "214", "object_repr": "20240326111403214", "action_flag": 3, "change_message": ""}}, {"model": "admin.logentry", "pk": 284, "fields": {"action_time": "2024-03-26T05:32:20.009Z", "user": 1, "content_type": 14, "object_id": "213", "object_repr": "20240326111401213", "action_flag": 3, "change_message": ""}}, {"model": "admin.logentry", "pk": 285, "fields": {"action_time": "2024-03-26T05:32:20.010Z", "user": 1, "content_type": 14, "object_id": "212", "object_repr": "20240326111344212", "action_flag": 3, "change_message": ""}}, {"model": "admin.logentry", "pk": 286, "fields": {"action_time": "2024-03-26T05:32:20.010Z", "user": 1, "content_type": 14, "object_id": "211", "object_repr": "20240326111210211", "action_flag": 3, "change_message": ""}}, {"model": "admin.logentry", "pk": 287, "fields": {"action_time": "2024-03-26T05:32:20.011Z", "user": 1, "content_type": 14, "object_id": "210", "object_repr": "20240326110829210", "action_flag": 3, "change_message": ""}}, {"model": "admin.logentry", "pk": 288, "fields": {"action_time": "2024-03-26T05:32:20.012Z", "user": 1, "content_type": 14, "object_id": "209", "object_repr": "20240326110535209", "action_flag": 3, "change_message": ""}}, {"model": "admin.logentry", "pk": 289, "fields": {"action_time": "2024-03-26T05:32:20.012Z", "user": 1, "content_type": 14, "object_id": "208", "object_repr": "20240326105902208", "action_flag": 3, "change_message": ""}}, {"model": "admin.logentry", "pk": 290, "fields": {"action_time": "2024-03-26T05:32:20.012Z", "user": 1, "content_type": 14, "object_id": "207", "object_repr": "20240326105859207", "action_flag": 3, "change_message": ""}}, {"model": "admin.logentry", "pk": 291, "fields": {"action_time": "2024-03-26T05:32:20.013Z", "user": 1, "content_type": 14, "object_id": "206", "object_repr": "20240326105855206", "action_flag": 3, "change_message": ""}}, {"model": "admin.logentry", "pk": 292, "fields": {"action_time": "2024-03-26T05:32:20.013Z", "user": 1, "content_type": 14, "object_id": "205", "object_repr": "20240326105302205", "action_flag": 3, "change_message": ""}}, {"model": "admin.logentry", "pk": 293, "fields": {"action_time": "2024-03-26T05:32:20.014Z", "user": 1, "content_type": 14, "object_id": "204", "object_repr": "20240326104953204", "action_flag": 3, "change_message": ""}}, {"model": "admin.logentry", "pk": 294, "fields": {"action_time": "2024-03-26T05:32:20.014Z", "user": 1, "content_type": 14, "object_id": "203", "object_repr": "20240326104324203", "action_flag": 3, "change_message": ""}}, {"model": "admin.logentry", "pk": 295, "fields": {"action_time": "2024-03-26T05:32:20.014Z", "user": 1, "content_type": 14, "object_id": "202", "object_repr": "20240326103409202", "action_flag": 3, "change_message": ""}}, {"model": "admin.logentry", "pk": 296, "fields": {"action_time": "2024-03-26T05:32:25.656Z", "user": 1, "content_type": 15, "object_id": "34", "object_repr": "5snzYD9mJdJB3CrCNBmKoK", "action_flag": 3, "change_message": ""}}, {"model": "admin.logentry", "pk": 297, "fields": {"action_time": "2024-03-26T05:32:25.668Z", "user": 1, "content_type": 15, "object_id": "33", "object_repr": "3CD88274SY614800H", "action_flag": 3, "change_message": ""}}, {"model": "admin.logentry", "pk": 298, "fields": {"action_time": "2024-03-26T05:32:25.669Z", "user": 1, "content_type": 15, "object_id": "32", "object_repr": "57460915UX4671055", "action_flag": 3, "change_message": ""}}, {"model": "admin.logentry", "pk": 299, "fields": {"action_time": "2024-03-26T05:32:25.669Z", "user": 1, "content_type": 15, "object_id": "31", "object_repr": "6V978650U0506943L", "action_flag": 3, "change_message": ""}}, {"model": "admin.logentry", "pk": 300, "fields": {"action_time": "2024-03-26T05:32:25.670Z", "user": 1, "content_type": 15, "object_id": "30", "object_repr": "7XV550922R8529811", "action_flag": 3, "change_message": ""}}, {"model": "admin.logentry", "pk": 301, "fields": {"action_time": "2024-03-26T06:23:42.778Z", "user": 1, "content_type": 14, "object_id": "219", "object_repr": "20240326112942219", "action_flag": 3, "change_message": ""}}, {"model": "admin.logentry", "pk": 302, "fields": {"action_time": "2024-03-26T06:23:42.793Z", "user": 1, "content_type": 14, "object_id": "218", "object_repr": "20240326112939218", "action_flag": 3, "change_message": ""}}, {"model": "admin.logentry", "pk": 303, "fields": {"action_time": "2024-03-30T13:31:26.443Z", "user": 1, "content_type": 14, "object_id": "266", "object_repr": "20240330190928266", "action_flag": 3, "change_message": ""}}, {"model": "admin.logentry", "pk": 304, "fields": {"action_time": "2024-03-30T13:31:26.464Z", "user": 1, "content_type": 14, "object_id": "265", "object_repr": "20240330125621265", "action_flag": 3, "change_message": ""}}, {"model": "admin.logentry", "pk": 305, "fields": {"action_time": "2024-03-30T13:31:26.465Z", "user": 1, "content_type": 14, "object_id": "264", "object_repr": "20240329175824264", "action_flag": 3, "change_message": ""}}, {"model": "admin.logentry", "pk": 306, "fields": {"action_time": "2024-03-30T13:31:26.467Z", "user": 1, "content_type": 14, "object_id": "263", "object_repr": "20240329175646263", "action_flag": 3, "change_message": ""}}, {"model": "admin.logentry", "pk": 307, "fields": {"action_time": "2024-03-30T13:31:26.468Z", "user": 1, "content_type": 14, "object_id": "262", "object_repr": "20240329175152262", "action_flag": 3, "change_message": ""}}, {"model": "admin.logentry", "pk": 308, "fields": {"action_time": "2024-03-30T13:31:26.469Z", "user": 1, "content_type": 14, "object_id": "261", "object_repr": "20240329175111261", "action_flag": 3, "change_message": ""}}, {"model": "admin.logentry", "pk": 309, "fields": {"action_time": "2024-03-30T13:31:26.469Z", "user": 1, "content_type": 14, "object_id": "260", "object_repr": "20240329175104260", "action_flag": 3, "change_message": ""}}, {"model": "admin.logentry", "pk": 310, "fields": {"action_time": "2024-03-30T13:31:26.470Z", "user": 1, "content_type": 14, "object_id": "259", "object_repr": "20240329175034259", "action_flag": 3, "change_message": ""}}, {"model": "admin.logentry", "pk": 311, "fields": {"action_time": "2024-03-30T13:31:26.471Z", "user": 1, "content_type": 14, "object_id": "258", "object_repr": "20240329175026258", "action_flag": 3, "change_message": ""}}, {"model": "admin.logentry", "pk": 312, "fields": {"action_time": "2024-03-30T13:31:26.472Z", "user": 1, "content_type": 14, "object_id": "257", "object_repr": "20240329174943257", "action_flag": 3, "change_message": ""}}, {"model": "admin.logentry", "pk": 313, "fields": {"action_time": "2024-03-30T13:31:26.473Z", "user": 1, "content_type": 14, "object_id": "256", "object_repr": "20240329174850256", "action_flag": 3, "change_message": ""}}, {"model": "admin.logentry", "pk": 314, "fields": {"action_time": "2024-03-30T13:31:26.474Z", "user": 1, "content_type": 14, "object_id": "255", "object_repr": "20240329174845255", "action_flag": 3, "change_message": ""}}, {"model": "admin.logentry", "pk": 315, "fields": {"action_time": "2024-03-30T13:31:26.475Z", "user": 1, "content_type": 14, "object_id": "254", "object_repr": "20240329174754254", "action_flag": 3, "change_message": ""}}, {"model": "admin.logentry", "pk": 316, "fields": {"action_time": "2024-03-30T13:31:26.476Z", "user": 1, "content_type": 14, "object_id": "253", "object_repr": "20240329174723253", "action_flag": 3, "change_message": ""}}, {"model": "admin.logentry", "pk": 317, "fields": {"action_time": "2024-03-30T13:31:26.477Z", "user": 1, "content_type": 14, "object_id": "252", "object_repr": "20240329174647252", "action_flag": 3, "change_message": ""}}, {"model": "admin.logentry", "pk": 318, "fields": {"action_time": "2024-03-30T13:31:26.478Z", "user": 1, "content_type": 14, "object_id": "251", "object_repr": "20240329174618251", "action_flag": 3, "change_message": ""}}, {"model": "admin.logentry", "pk": 319, "fields": {"action_time": "2024-03-30T13:31:26.478Z", "user": 1, "content_type": 14, "object_id": "250", "object_repr": "20240329174541250", "action_flag": 3, "change_message": ""}}, {"model": "admin.logentry", "pk": 320, "fields": {"action_time": "2024-03-30T13:31:26.480Z", "user": 1, "content_type": 14, "object_id": "249", "object_repr": "20240329174530249", "action_flag": 3, "change_message": ""}}, {"model": "admin.logentry", "pk": 321, "fields": {"action_time": "2024-03-30T13:31:26.481Z", "user": 1, "content_type": 14, "object_id": "248", "object_repr": "20240329174518248", "action_flag": 3, "change_message": ""}}, {"model": "admin.logentry", "pk": 322, "fields": {"action_time": "2024-03-30T13:31:26.482Z", "user": 1, "content_type": 14, "object_id": "247", "object_repr": "20240329174506247", "action_flag": 3, "change_message": ""}}, {"model": "admin.logentry", "pk": 323, "fields": {"action_time": "2024-03-30T13:31:26.483Z", "user": 1, "content_type": 14, "object_id": "246", "object_repr": "20240329174403246", "action_flag": 3, "change_message": ""}}, {"model": "admin.logentry", "pk": 324, "fields": {"action_time": "2024-03-30T13:31:26.484Z", "user": 1, "content_type": 14, "object_id": "245", "object_repr": "20240329174356245", "action_flag": 3, "change_message": ""}}, {"model": "admin.logentry", "pk": 325, "fields": {"action_time": "2024-03-30T13:31:26.485Z", "user": 1, "content_type": 14, "object_id": "244", "object_repr": "20240329174337244", "action_flag": 3, "change_message": ""}}, {"model": "admin.logentry", "pk": 326, "fields": {"action_time": "2024-03-30T13:31:26.486Z", "user": 1, "content_type": 14, "object_id": "243", "object_repr": "20240329174315243", "action_flag": 3, "change_message": ""}}, {"model": "admin.logentry", "pk": 327, "fields": {"action_time": "2024-03-30T13:31:26.487Z", "user": 1, "content_type": 14, "object_id": "242", "object_repr": "20240329172358242", "action_flag": 3, "change_message": ""}}, {"model": "admin.logentry", "pk": 328, "fields": {"action_time": "2024-03-30T13:31:26.488Z", "user": 1, "content_type": 14, "object_id": "241", "object_repr": "20240328231953241", "action_flag": 3, "change_message": ""}}, {"model": "admin.logentry", "pk": 329, "fields": {"action_time": "2024-03-30T13:31:26.489Z", "user": 1, "content_type": 14, "object_id": "240", "object_repr": "20240328231736240", "action_flag": 3, "change_message": ""}}, {"model": "admin.logentry", "pk": 330, "fields": {"action_time": "2024-03-30T13:31:26.490Z", "user": 1, "content_type": 14, "object_id": "239", "object_repr": "20240328230553239", "action_flag": 3, "change_message": ""}}, {"model": "admin.logentry", "pk": 331, "fields": {"action_time": "2024-03-30T13:31:26.491Z", "user": 1, "content_type": 14, "object_id": "238", "object_repr": "20240328225559238", "action_flag": 3, "change_message": ""}}, {"model": "admin.logentry", "pk": 332, "fields": {"action_time": "2024-03-30T13:31:26.492Z", "user": 1, "content_type": 14, "object_id": "237", "object_repr": "20240328225437237", "action_flag": 3, "change_message": ""}}, {"model": "admin.logentry", "pk": 333, "fields": {"action_time": "2024-03-30T13:31:26.493Z", "user": 1, "content_type": 14, "object_id": "236", "object_repr": "20240328225427236", "action_flag": 3, "change_message": ""}}, {"model": "admin.logentry", "pk": 334, "fields": {"action_time": "2024-03-30T13:31:26.495Z", "user": 1, "content_type": 14, "object_id": "235", "object_repr": "20240328225409235", "action_flag": 3, "change_message": ""}}, {"model": "admin.logentry", "pk": 335, "fields": {"action_time": "2024-03-30T13:31:26.496Z", "user": 1, "content_type": 14, "object_id": "234", "object_repr": "20240328225337234", "action_flag": 3, "change_message": ""}}, {"model": "admin.logentry", "pk": 336, "fields": {"action_time": "2024-03-30T13:31:26.498Z", "user": 1, "content_type": 14, "object_id": "233", "object_repr": "20240328224856233", "action_flag": 3, "change_message": ""}}, {"model": "admin.logentry", "pk": 337, "fields": {"action_time": "2024-03-30T13:31:26.499Z", "user": 1, "content_type": 14, "object_id": "232", "object_repr": "20240328224832232", "action_flag": 3, "change_message": ""}}, {"model": "admin.logentry", "pk": 338, "fields": {"action_time": "2024-03-30T13:31:26.500Z", "user": 1, "content_type": 14, "object_id": "231", "object_repr": "20240328224757231", "action_flag": 3, "change_message": ""}}, {"model": "admin.logentry", "pk": 339, "fields": {"action_time": "2024-03-30T13:31:26.501Z", "user": 1, "content_type": 14, "object_id": "230", "object_repr": "20240328190140230", "action_flag": 3, "change_message": ""}}, {"model": "admin.logentry", "pk": 340, "fields": {"action_time": "2024-03-30T13:31:26.503Z", "user": 1, "content_type": 14, "object_id": "229", "object_repr": "20240328190130229", "action_flag": 3, "change_message": ""}}, {"model": "admin.logentry", "pk": 341, "fields": {"action_time": "2024-03-30T13:31:26.504Z", "user": 1, "content_type": 14, "object_id": "228", "object_repr": "20240328190031228", "action_flag": 3, "change_message": ""}}, {"model": "admin.logentry", "pk": 342, "fields": {"action_time": "2024-03-30T13:31:26.505Z", "user": 1, "content_type": 14, "object_id": "227", "object_repr": "20240328092552227", "action_flag": 3, "change_message": ""}}, {"model": "admin.logentry", "pk": 343, "fields": {"action_time": "2024-03-30T13:31:26.506Z", "user": 1, "content_type": 14, "object_id": "226", "object_repr": "20240328092538226", "action_flag": 3, "change_message": ""}}, {"model": "admin.logentry", "pk": 344, "fields": {"action_time": "2024-03-30T13:31:26.506Z", "user": 1, "content_type": 14, "object_id": "225", "object_repr": "20240327090741225", "action_flag": 3, "change_message": ""}}, {"model": "admin.logentry", "pk": 345, "fields": {"action_time": "2024-03-30T13:31:26.507Z", "user": 1, "content_type": 14, "object_id": "224", "object_repr": "20240327090724224", "action_flag": 3, "change_message": ""}}, {"model": "admin.logentry", "pk": 346, "fields": {"action_time": "2024-03-30T13:31:26.508Z", "user": 1, "content_type": 14, "object_id": "223", "object_repr": "20240326135731223", "action_flag": 3, "change_message": ""}}, {"model": "admin.logentry", "pk": 347, "fields": {"action_time": "2024-03-30T13:31:26.510Z", "user": 1, "content_type": 14, "object_id": "222", "object_repr": "20240326135624222", "action_flag": 3, "change_message": ""}}, {"model": "admin.logentry", "pk": 348, "fields": {"action_time": "2024-03-30T13:31:26.511Z", "user": 1, "content_type": 14, "object_id": "221", "object_repr": "20240326135545221", "action_flag": 3, "change_message": ""}}, {"model": "admin.logentry", "pk": 349, "fields": {"action_time": "2024-03-30T13:31:26.512Z", "user": 1, "content_type": 14, "object_id": "220", "object_repr": "20240326115523220", "action_flag": 3, "change_message": ""}}, {"model": "admin.logentry", "pk": 350, "fields": {"action_time": "2024-03-30T13:31:36.082Z", "user": 1, "content_type": 15, "object_id": "46", "object_repr": "z4yDdRFpGqg7Qcaodmpknd", "action_flag": 3, "change_message": ""}}, {"model": "admin.logentry", "pk": 351, "fields": {"action_time": "2024-03-30T13:31:36.097Z", "user": 1, "content_type": 15, "object_id": "45", "object_repr": "93oa7dZQcS9Gx8C3h8pN7j", "action_flag": 3, "change_message": ""}}, {"model": "admin.logentry", "pk": 352, "fields": {"action_time": "2024-03-30T13:31:36.099Z", "user": 1, "content_type": 15, "object_id": "44", "object_repr": "mS6FeoyBHdSY8pLjRYQcHY", "action_flag": 3, "change_message": ""}}, {"model": "admin.logentry", "pk": 353, "fields": {"action_time": "2024-03-30T13:31:36.100Z", "user": 1, "content_type": 15, "object_id": "43", "object_repr": "tmMjuybBAZKqCz9HYya85T", "action_flag": 3, "change_message": ""}}, {"model": "admin.logentry", "pk": 354, "fields": {"action_time": "2024-03-30T13:31:36.103Z", "user": 1, "content_type": 15, "object_id": "42", "object_repr": "JY2hLwY2d3jcrvt4E4HejH", "action_flag": 3, "change_message": ""}}, {"model": "admin.logentry", "pk": 355, "fields": {"action_time": "2024-03-30T13:31:36.105Z", "user": 1, "content_type": 15, "object_id": "41", "object_repr": "FwwsAHXyd3WA23ExHWNZ2a", "action_flag": 3, "change_message": ""}}, {"model": "admin.logentry", "pk": 356, "fields": {"action_time": "2024-03-30T13:31:36.107Z", "user": 1, "content_type": 15, "object_id": "40", "object_repr": "hzgL7g5fTkNqKtWp2tWXjT", "action_flag": 3, "change_message": ""}}, {"model": "admin.logentry", "pk": 357, "fields": {"action_time": "2024-03-30T13:31:36.109Z", "user": 1, "content_type": 15, "object_id": "39", "object_repr": "92K86386MS001630B", "action_flag": 3, "change_message": ""}}, {"model": "admin.logentry", "pk": 358, "fields": {"action_time": "2024-03-30T13:31:36.111Z", "user": 1, "content_type": 15, "object_id": "38", "object_repr": "2ER12880BD870064U", "action_flag": 3, "change_message": ""}}, {"model": "admin.logentry", "pk": 359, "fields": {"action_time": "2024-03-30T13:31:36.113Z", "user": 1, "content_type": 15, "object_id": "37", "object_repr": "8FT49546LK211315P", "action_flag": 3, "change_message": ""}}, {"model": "admin.logentry", "pk": 360, "fields": {"action_time": "2024-03-30T13:31:36.114Z", "user": 1, "content_type": 15, "object_id": "36", "object_repr": "28M73162LK433583K", "action_flag": 3, "change_message": ""}}, {"model": "admin.logentry", "pk": 361, "fields": {"action_time": "2024-03-30T13:31:36.115Z", "user": 1, "content_type": 15, "object_id": "35", "object_repr": "15665642RF942533C", "action_flag": 3, "change_message": ""}}, {"model": "admin.logentry", "pk": 362, "fields": {"action_time": "2024-03-30T13:32:17.123Z", "user": 1, "content_type": 15, "object_id": "47", "object_repr": "SDA2dasdna2FA2dfawsd", "action_flag": 1, "change_message": "[{\"added\": {}}]"}}, {"model": "admin.logentry", "pk": 363, "fields": {"action_time": "2024-03-30T13:33:25.834Z", "user": 1, "content_type": 14, "object_id": "267", "object_repr": "34523453453453", "action_flag": 1, "change_message": "[{\"added\": {}}]"}}, {"model": "admin.logentry", "pk": 364, "fields": {"action_time": "2024-03-30T13:34:05.524Z", "user": 1, "content_type": 16, "object_id": "48", "object_repr": "chicken Momo", "action_flag": 1, "change_message": "[{\"added\": {}}]"}}, {"model": "admin.logentry", "pk": 365, "fields": {"action_time": "2024-03-30T16:26:03.015Z", "user": 1, "content_type": 14, "object_id": "270", "object_repr": "20240330220952270", "action_flag": 3, "change_message": ""}}, {"model": "admin.logentry", "pk": 366, "fields": {"action_time": "2024-03-30T16:26:03.027Z", "user": 1, "content_type": 14, "object_id": "269", "object_repr": "20240330220820269", "action_flag": 3, "change_message": ""}}, {"model": "admin.logentry", "pk": 367, "fields": {"action_time": "2024-03-30T17:11:11.485Z", "user": 1, "content_type": 14, "object_id": "271", "object_repr": "20240330221049271", "action_flag": 3, "change_message": ""}}, {"model": "admin.logentry", "pk": 368, "fields": {"action_time": "2024-03-31T15:00:25.611Z", "user": 1, "content_type": 14, "object_id": "292", "object_repr": "20240331173823292", "action_flag": 3, "change_message": ""}}, {"model": "admin.logentry", "pk": 369, "fields": {"action_time": "2024-03-31T15:00:25.625Z", "user": 1, "content_type": 14, "object_id": "291", "object_repr": "20240331172526291", "action_flag": 3, "change_message": ""}}, {"model": "admin.logentry", "pk": 370, "fields": {"action_time": "2024-03-31T15:00:25.625Z", "user": 1, "content_type": 14, "object_id": "290", "object_repr": "20240331164846290", "action_flag": 3, "change_message": ""}}, {"model": "admin.logentry", "pk": 371, "fields": {"action_time": "2024-03-31T15:00:25.626Z", "user": 1, "content_type": 14, "object_id": "289", "object_repr": "20240331105012289", "action_flag": 3, "change_message": ""}}, {"model": "admin.logentry", "pk": 372, "fields": {"action_time": "2024-03-31T15:00:25.627Z", "user": 1, "content_type": 14, "object_id": "288", "object_repr": "20240331104824288", "action_flag": 3, "change_message": ""}}, {"model": "admin.logentry", "pk": 373, "fields": {"action_time": "2024-03-31T15:00:25.628Z", "user": 1, "content_type": 14, "object_id": "287", "object_repr": "20240331104547287", "action_flag": 3, "change_message": ""}}, {"model": "admin.logentry", "pk": 374, "fields": {"action_time": "2024-03-31T15:00:25.628Z", "user": 1, "content_type": 14, "object_id": "286", "object_repr": "20240331104410286", "action_flag": 3, "change_message": ""}}, {"model": "admin.logentry", "pk": 375, "fields": {"action_time": "2024-03-31T15:00:25.629Z", "user": 1, "content_type": 14, "object_id": "285", "object_repr": "20240331104319285", "action_flag": 3, "change_message": ""}}, {"model": "admin.logentry", "pk": 376, "fields": {"action_time": "2024-03-31T15:00:25.629Z", "user": 1, "content_type": 14, "object_id": "284", "object_repr": "20240330234604284", "action_flag": 3, "change_message": ""}}, {"model": "admin.logentry", "pk": 377, "fields": {"action_time": "2024-03-31T15:00:25.630Z", "user": 1, "content_type": 14, "object_id": "283", "object_repr": "20240330233846283", "action_flag": 3, "change_message": ""}}, {"model": "admin.logentry", "pk": 378, "fields": {"action_time": "2024-03-31T15:00:25.630Z", "user": 1, "content_type": 14, "object_id": "282", "object_repr": "20240330232939282", "action_flag": 3, "change_message": ""}}, {"model": "admin.logentry", "pk": 379, "fields": {"action_time": "2024-03-31T15:00:25.630Z", "user": 1, "content_type": 14, "object_id": "281", "object_repr": "20240330232223281", "action_flag": 3, "change_message": ""}}, {"model": "admin.logentry", "pk": 380, "fields": {"action_time": "2024-03-31T15:00:25.632Z", "user": 1, "content_type": 14, "object_id": "280", "object_repr": "20240330231857280", "action_flag": 3, "change_message": ""}}, {"model": "admin.logentry", "pk": 381, "fields": {"action_time": "2024-03-31T15:00:25.632Z", "user": 1, "content_type": 14, "object_id": "279", "object_repr": "20240330231642279", "action_flag": 3, "change_message": ""}}, {"model": "admin.logentry", "pk": 382, "fields": {"action_time": "2024-03-31T15:00:25.632Z", "user": 1, "content_type": 14, "object_id": "278", "object_repr": "20240330231333278", "action_flag": 3, "change_message": ""}}, {"model": "admin.logentry", "pk": 383, "fields": {"action_time": "2024-03-31T15:00:25.633Z", "user": 1, "content_type": 14, "object_id": "277", "object_repr": "20240330231049277", "action_flag": 3, "change_message": ""}}, {"model": "admin.logentry", "pk": 384, "fields": {"action_time": "2024-03-31T15:00:25.633Z", "user": 1, "content_type": 14, "object_id": "276", "object_repr": "20240330231022276", "action_flag": 3, "change_message": ""}}, {"model": "admin.logentry", "pk": 385, "fields": {"action_time": "2024-03-31T15:00:25.634Z", "user": 1, "content_type": 14, "object_id": "275", "object_repr": "20240330230934275", "action_flag": 3, "change_message": ""}}, {"model": "admin.logentry", "pk": 386, "fields": {"action_time": "2024-03-31T15:00:25.634Z", "user": 1, "content_type": 14, "object_id": "274", "object_repr": "20240330230723274", "action_flag": 3, "change_message": ""}}, {"model": "admin.logentry", "pk": 387, "fields": {"action_time": "2024-03-31T15:00:25.635Z", "user": 1, "content_type": 14, "object_id": "273", "object_repr": "20240330230642273", "action_flag": 3, "change_message": ""}}, {"model": "admin.logentry", "pk": 388, "fields": {"action_time": "2024-03-31T15:00:25.635Z", "user": 1, "content_type": 14, "object_id": "272", "object_repr": "20240330225644272", "action_flag": 3, "change_message": ""}}, {"model": "admin.logentry", "pk": 389, "fields": {"action_time": "2024-03-31T15:00:25.635Z", "user": 1, "content_type": 14, "object_id": "268", "object_repr": "20240330220350268", "action_flag": 3, "change_message": ""}}, {"model": "admin.logentry", "pk": 390, "fields": {"action_time": "2024-03-31T15:00:25.636Z", "user": 1, "content_type": 14, "object_id": "267", "object_repr": "34523453453453", "action_flag": 3, "change_message": ""}}, {"model": "admin.logentry", "pk": 391, "fields": {"action_time": "2024-03-31T15:00:31.245Z", "user": 1, "content_type": 15, "object_id": "53", "object_repr": "47PiJJbEDUx7VuLSSmG59E", "action_flag": 3, "change_message": ""}}, {"model": "admin.logentry", "pk": 392, "fields": {"action_time": "2024-03-31T15:00:31.256Z", "user": 1, "content_type": 15, "object_id": "52", "object_repr": "cUm7zafrzXjgBmJYeB2qff", "action_flag": 3, "change_message": ""}}, {"model": "admin.logentry", "pk": 393, "fields": {"action_time": "2024-03-31T15:00:31.257Z", "user": 1, "content_type": 15, "object_id": "51", "object_repr": "mpThmXUtGEA9wCJhZr2FoG", "action_flag": 3, "change_message": ""}}, {"model": "admin.logentry", "pk": 394, "fields": {"action_time": "2024-03-31T15:00:31.258Z", "user": 1, "content_type": 15, "object_id": "50", "object_repr": "dzre3qXeLkx7HcfKk5zAWS", "action_flag": 3, "change_message": ""}}, {"model": "admin.logentry", "pk": 395, "fields": {"action_time": "2024-03-31T15:00:31.259Z", "user": 1, "content_type": 15, "object_id": "49", "object_repr": "6kRHTxBYeCe9J4wn8ojwcU", "action_flag": 3, "change_message": ""}}, {"model": "admin.logentry", "pk": 396, "fields": {"action_time": "2024-03-31T15:00:31.260Z", "user": 1, "content_type": 15, "object_id": "48", "object_repr": "EbuV6rLK5cNPoNi6fnCShF", "action_flag": 3, "change_message": ""}}, {"model": "admin.logentry", "pk": 397, "fields": {"action_time": "2024-03-31T15:00:31.260Z", "user": 1, "content_type": 15, "object_id": "47", "object_repr": "SDA2dasdna2FA2dfawsd", "action_flag": 3, "change_message": ""}}, {"model": "admin.logentry", "pk": 398, "fields": {"action_time": "2024-04-04T05:10:00.304Z", "user": 1, "content_type": 14, "object_id": "299", "object_repr": "20240403100639299", "action_flag": 3, "change_message": ""}}, {"model": "admin.logentry", "pk": 399, "fields": {"action_time": "2024-04-04T05:10:00.324Z", "user": 1, "content_type": 14, "object_id": "298", "object_repr": "20240402215857298", "action_flag": 3, "change_message": ""}}, {"model": "admin.logentry", "pk": 400, "fields": {"action_time": "2024-04-04T05:10:00.325Z", "user": 1, "content_type": 14, "object_id": "297", "object_repr": "20240402215822297", "action_flag": 3, "change_message": ""}}, {"model": "admin.logentry", "pk": 401, "fields": {"action_time": "2024-04-04T05:10:00.326Z", "user": 1, "content_type": 14, "object_id": "296", "object_repr": "20240401090715296", "action_flag": 3, "change_message": ""}}, {"model": "admin.logentry", "pk": 402, "fields": {"action_time": "2024-04-04T05:10:00.326Z", "user": 1, "content_type": 14, "object_id": "295", "object_repr": "20240331205856295", "action_flag": 3, "change_message": ""}}, {"model": "admin.logentry", "pk": 403, "fields": {"action_time": "2024-04-04T05:10:00.326Z", "user": 1, "content_type": 14, "object_id": "294", "object_repr": "20240331205819294", "action_flag": 3, "change_message": ""}}, {"model": "admin.logentry", "pk": 404, "fields": {"action_time": "2024-04-04T05:10:00.327Z", "user": 1, "content_type": 14, "object_id": "293", "object_repr": "20240331204643293", "action_flag": 3, "change_message": ""}}, {"model": "admin.logentry", "pk": 405, "fields": {"action_time": "2024-04-04T05:10:10.232Z", "user": 1, "content_type": 15, "object_id": "58", "object_repr": "xsKgaibXxkNRHYXza4PTfC", "action_flag": 3, "change_message": ""}}, {"model": "admin.logentry", "pk": 406, "fields": {"action_time": "2024-04-04T05:10:10.234Z", "user": 1, "content_type": 15, "object_id": "57", "object_repr": "REW2FTvAmLsRSdsViZgLqA", "action_flag": 3, "change_message": ""}}, {"model": "admin.logentry", "pk": 407, "fields": {"action_time": "2024-04-04T05:10:10.234Z", "user": 1, "content_type": 15, "object_id": "56", "object_repr": "PNGTDLKDSZvWFW3m3U4CGY", "action_flag": 3, "change_message": ""}}, {"model": "admin.logentry", "pk": 408, "fields": {"action_time": "2024-04-04T05:10:10.235Z", "user": 1, "content_type": 15, "object_id": "55", "object_repr": "NKmTJLKcvDskJPyArCY9HF", "action_flag": 3, "change_message": ""}}, {"model": "admin.logentry", "pk": 409, "fields": {"action_time": "2024-04-04T05:10:10.237Z", "user": 1, "content_type": 15, "object_id": "54", "object_repr": "fg6MgGnp9cNKVchX3ugU9S", "action_flag": 3, "change_message": ""}}, {"model": "auth.permission", "pk": 1, "fields": {"name": "Can add log entry", "content_type": 1, "codename": "add_logentry"}}, {"model": "auth.permission", "pk": 2, "fields": {"name": "Can change log entry", "content_type": 1, "codename": "change_logentry"}}, {"model": "auth.permission", "pk": 3, "fields": {"name": "Can delete log entry", "content_type": 1, "codename": "delete_logentry"}}, {"model": "auth.permission", "pk": 4, "fields": {"name": "Can view log entry", "content_type": 1, "codename": "view_logentry"}}, {"model": "auth.permission", "pk": 5, "fields": {"name": "Can add permission", "content_type": 2, "codename": "add_permission"}}, {"model": "auth.permission", "pk": 6, "fields": {"name": "Can change permission", "content_type": 2, "codename": "change_permission"}}, {"model": "auth.permission", "pk": 7, "fields": {"name": "Can delete permission", "content_type": 2, "codename": "delete_permission"}}, {"model": "auth.permission", "pk": 8, "fields": {"name": "Can view permission", "content_type": 2, "codename": "view_permission"}}, {"model": "auth.permission", "pk": 9, "fields": {"name": "Can add group", "content_type": 3, "codename": "add_group"}}, {"model": "auth.permission", "pk": 10, "fields": {"name": "Can change group", "content_type": 3, "codename": "change_group"}}, {"model": "auth.permission", "pk": 11, "fields": {"name": "Can delete group", "content_type": 3, "codename": "delete_group"}}, {"model": "auth.permission", "pk": 12, "fields": {"name": "Can view group", "content_type": 3, "codename": "view_group"}}, {"model": "auth.permission", "pk": 13, "fields": {"name": "Can add content type", "content_type": 4, "codename": "add_contenttype"}}, {"model": "auth.permission", "pk": 14, "fields": {"name": "Can change content type", "content_type": 4, "codename": "change_contenttype"}}, {"model": "auth.permission", "pk": 15, "fields": {"name": "Can delete content type", "content_type": 4, "codename": "delete_contenttype"}}, {"model": "auth.permission", "pk": 16, "fields": {"name": "Can view content type", "content_type": 4, "codename": "view_contenttype"}}, {"model": "auth.permission", "pk": 17, "fields": {"name": "Can add session", "content_type": 5, "codename": "add_session"}}, {"model": "auth.permission", "pk": 18, "fields": {"name": "Can change session", "content_type": 5, "codename": "change_session"}}, {"model": "auth.permission", "pk": 19, "fields": {"name": "Can delete session", "content_type": 5, "codename": "delete_session"}}, {"model": "auth.permission", "pk": 20, "fields": {"name": "Can view session", "content_type": 5, "codename": "view_session"}}, {"model": "auth.permission", "pk": 21, "fields": {"name": "Can add user", "content_type": 6, "codename": "add_user"}}, {"model": "auth.permission", "pk": 22, "fields": {"name": "Can change user", "content_type": 6, "codename": "change_user"}}, {"model": "auth.permission", "pk": 23, "fields": {"name": "Can delete user", "content_type": 6, "codename": "delete_user"}}, {"model": "auth.permission", "pk": 24, "fields": {"name": "Can view user", "content_type": 6, "codename": "view_user"}}, {"model": "auth.permission", "pk": 25, "fields": {"name": "Can add user profile", "content_type": 7, "codename": "add_userprofile"}}, {"model": "auth.permission", "pk": 26, "fields": {"name": "Can change user profile", "content_type": 7, "codename": "change_userprofile"}}, {"model": "auth.permission", "pk": 27, "fields": {"name": "Can delete user profile", "content_type": 7, "codename": "delete_userprofile"}}, {"model": "auth.permission", "pk": 28, "fields": {"name": "Can view user profile", "content_type": 7, "codename": "view_userprofile"}}, {"model": "auth.permission", "pk": 29, "fields": {"name": "Can add restaurant", "content_type": 8, "codename": "add_restaurant"}}, {"model": "auth.permission", "pk": 30, "fields": {"name": "Can change restaurant", "content_type": 8, "codename": "change_restaurant"}}, {"model": "auth.permission", "pk": 31, "fields": {"name": "Can delete restaurant", "content_type": 8, "codename": "delete_restaurant"}}, {"model": "auth.permission", "pk": 32, "fields": {"name": "Can view restaurant", "content_type": 8, "codename": "view_restaurant"}}, {"model": "auth.permission", "pk": 33, "fields": {"name": "Can add category", "content_type": 9, "codename": "add_category"}}, {"model": "auth.permission", "pk": 34, "fields": {"name": "Can change category", "content_type": 9, "codename": "change_category"}}, {"model": "auth.permission", "pk": 35, "fields": {"name": "Can delete category", "content_type": 9, "codename": "delete_category"}}, {"model": "auth.permission", "pk": 36, "fields": {"name": "Can view category", "content_type": 9, "codename": "view_category"}}, {"model": "auth.permission", "pk": 37, "fields": {"name": "Can add food item", "content_type": 10, "codename": "add_fooditem"}}, {"model": "auth.permission", "pk": 38, "fields": {"name": "Can change food item", "content_type": 10, "codename": "change_fooditem"}}, {"model": "auth.permission", "pk": 39, "fields": {"name": "Can delete food item", "content_type": 10, "codename": "delete_fooditem"}}, {"model": "auth.permission", "pk": 40, "fields": {"name": "Can view food item", "content_type": 10, "codename": "view_fooditem"}}, {"model": "auth.permission", "pk": 41, "fields": {"name": "Can add food cart", "content_type": 11, "codename": "add_foodcart"}}, {"model": "auth.permission", "pk": 42, "fields": {"name": "Can change food cart", "content_type": 11, "codename": "change_foodcart"}}, {"model": "auth.permission", "pk": 43, "fields": {"name": "Can delete food cart", "content_type": 11, "codename": "delete_foodcart"}}, {"model": "auth.permission", "pk": 44, "fields": {"name": "Can view food cart", "content_type": 11, "codename": "view_foodcart"}}, {"model": "auth.permission", "pk": 45, "fields": {"name": "Can add opening hour", "content_type": 12, "codename": "add_openinghour"}}, {"model": "auth.permission", "pk": 46, "fields": {"name": "Can change opening hour", "content_type": 12, "codename": "change_openinghour"}}, {"model": "auth.permission", "pk": 47, "fields": {"name": "Can delete opening hour", "content_type": 12, "codename": "delete_openinghour"}}, {"model": "auth.permission", "pk": 48, "fields": {"name": "Can view opening hour", "content_type": 12, "codename": "view_openinghour"}}, {"model": "auth.permission", "pk": 49, "fields": {"name": "Can add tax", "content_type": 13, "codename": "add_tax"}}, {"model": "auth.permission", "pk": 50, "fields": {"name": "Can change tax", "content_type": 13, "codename": "change_tax"}}, {"model": "auth.permission", "pk": 51, "fields": {"name": "Can delete tax", "content_type": 13, "codename": "delete_tax"}}, {"model": "auth.permission", "pk": 52, "fields": {"name": "Can view tax", "content_type": 13, "codename": "view_tax"}}, {"model": "auth.permission", "pk": 53, "fields": {"name": "Can add order", "content_type": 14, "codename": "add_order"}}, {"model": "auth.permission", "pk": 54, "fields": {"name": "Can change order", "content_type": 14, "codename": "change_order"}}, {"model": "auth.permission", "pk": 55, "fields": {"name": "Can delete order", "content_type": 14, "codename": "delete_order"}}, {"model": "auth.permission", "pk": 56, "fields": {"name": "Can view order", "content_type": 14, "codename": "view_order"}}, {"model": "auth.permission", "pk": 57, "fields": {"name": "Can add payment", "content_type": 15, "codename": "add_payment"}}, {"model": "auth.permission", "pk": 58, "fields": {"name": "Can change payment", "content_type": 15, "codename": "change_payment"}}, {"model": "auth.permission", "pk": 59, "fields": {"name": "Can delete payment", "content_type": 15, "codename": "delete_payment"}}, {"model": "auth.permission", "pk": 60, "fields": {"name": "Can view payment", "content_type": 15, "codename": "view_payment"}}, {"model": "auth.permission", "pk": 61, "fields": {"name": "Can add ordered food", "content_type": 16, "codename": "add_orderedfood"}}, {"model": "auth.permission", "pk": 62, "fields": {"name": "Can change ordered food", "content_type": 16, "codename": "change_orderedfood"}}, {"model": "auth.permission", "pk": 63, "fields": {"name": "Can delete ordered food", "content_type": 16, "codename": "delete_orderedfood"}}, {"model": "auth.permission", "pk": 64, "fields": {"name": "Can view ordered food", "content_type": 16, "codename": "view_orderedfood"}}, {"model": "auth.permission", "pk": 65, "fields": {"name": "Can add review rating", "content_type": 17, "codename": "add_reviewrating"}}, {"model": "auth.permission", "pk": 66, "fields": {"name": "Can change review rating", "content_type": 17, "codename": "change_reviewrating"}}, {"model": "auth.permission", "pk": 67, "fields": {"name": "Can delete review rating", "content_type": 17, "codename": "delete_reviewrating"}}, {"model": "auth.permission", "pk": 68, "fields": {"name": "Can view review rating", "content_type": 17, "codename": "view_reviewrating"}}, {"model": "auth.permission", "pk": 69, "fields": {"name": "Can add review and rating", "content_type": 18, "codename": "add_reviewandrating"}}, {"model": "auth.permission", "pk": 70, "fields": {"name": "Can change review and rating", "content_type": 18, "codename": "change_reviewandrating"}}, {"model": "auth.permission", "pk": 71, "fields": {"name": "Can delete review and rating", "content_type": 18, "codename": "delete_reviewandrating"}}, {"model": "auth.permission", "pk": 72, "fields": {"name": "Can view review and rating", "content_type": 18, "codename": "view_reviewandrating"}}, {"model": "contenttypes.contenttype", "pk": 1, "fields": {"app_label": "admin", "model": "logentry"}}, {"model": "contenttypes.contenttype", "pk": 2, "fields": {"app_label": "auth", "model": "permission"}}, {"model": "contenttypes.contenttype", "pk": 3, "fields": {"app_label": "auth", "model": "group"}}, {"model": "contenttypes.contenttype", "pk": 4, "fields": {"app_label": "contenttypes", "model": "contenttype"}}, {"model": "contenttypes.contenttype", "pk": 5, "fields": {"app_label": "sessions", "model": "session"}}, {"model": "contenttypes.contenttype", "pk": 6, "fields": {"app_label": "accounts", "model": "user"}}, {"model": "contenttypes.contenttype", "pk": 7, "fields": {"app_label": "accounts", "model": "userprofile"}}, {"model": "contenttypes.contenttype", "pk": 8, "fields": {"app_label": "Restaurant", "model": "restaurant"}}, {"model": "contenttypes.contenttype", "pk": 9, "fields": {"app_label": "menu", "model": "category"}}, {"model": "contenttypes.contenttype", "pk": 10, "fields": {"app_label": "menu", "model": "fooditem"}}, {"model": "contenttypes.contenttype", "pk": 11, "fields": {"app_label": "marketplace", "model": "foodcart"}}, {"model": "contenttypes.contenttype", "pk": 12, "fields": {"app_label": "Restaurant", "model": "openinghour"}}, {"model": "contenttypes.contenttype", "pk": 13, "fields": {"app_label": "marketplace", "model": "tax"}}, {"model": "contenttypes.contenttype", "pk": 14, "fields": {"app_label": "orders", "model": "order"}}, {"model": "contenttypes.contenttype", "pk": 15, "fields": {"app_label": "orders", "model": "payment"}}, {"model": "contenttypes.contenttype", "pk": 16, "fields": {"app_label": "orders", "model": "orderedfood"}}, {"model": "contenttypes.contenttype", "pk": 17, "fields": {"app_label": "Restaurant", "model": "reviewrating"}}, {"model": "contenttypes.contenttype", "pk": 18, "fields": {"app_label": "Restaurant", "model": "reviewandrating"}}, {"model": "sessions.session", "pk": "0c7ac4w8x9mzsnkkn5qmwmbps8bqud4d", "fields": {"session_data": "eyJsYXQiOiIyOC4yMDI5MTM4NDk5NDY4NjQiLCJsbmciOiI4My45OTUxNzQ0NjAyNTUwNCJ9:1rps9J:O4piFrgSPzJOOVOIiPTTQzDBf43UyV0f81HQDoKR3uU", "expire_date": "2024-04-11T15:58:41.840Z"}}, {"model": "sessions.session", "pk": "0dsz2vn4pszq7i0dnl4lch0lk87ou6b6", "fields": {"session_data": "eyJsYXQiOiIyNy42OTIyMzY4IiwibG5nIjoiODUuMzI0NTk1MiJ9:1rseIP:35-HQDtuwrAlRQQtA6Yey8aIhcNvROfqhZp3re7ULJs", "expire_date": "2024-04-19T07:47:33.738Z"}}, {"model": "sessions.session", "pk": "0upkv4c5gefvv1anfu5f6jjdzru11u1p", "fields": {"session_data": "eyJsYXQiOiIyOC4yMDI3MzYiLCJsbmciOiI4My45OTUxNzY1In0:1roLHQ:LgxI0kyeu8zDeOfFWrh2IEeiSj9UDBBVnQ1WjyF3HUg", "expire_date": "2024-04-07T10:40:44.006Z"}}, {"model": "sessions.session", "pk": "0v8w5kl9k9dl914glhnt6s7xdl8gquxw", "fields": {"session_data": ".eJxVjMsOwiAQRf-FtSG8QZfu_QYCM4xUDSSlXRn_3TbpQrf3nHPfLKZ1qXEdZY4TsguT7PS75QTP0naAj9TunUNvyzxlviv8oIPfOpbX9XD_DmoadasJ8ewJjUbtkKQgRRqtCEVZMMVlT0oGtMFqDxgEkHUGvNhU1EmFwD5f_wE4RA:1rjBMo:3l-d2krjeP87UEmRluBML88jfXZ3vLxmrYfjiy7Eif0", "expire_date": "2024-03-24T05:04:58.277Z"}}, {"model": "sessions.session", "pk": "1tu8ga3a5pkgkgw848jmooqyfsyptg6t", "fields": {"session_data": ".eJxVjDsOgzAQBe_iOrLMYuPdlOk5A1rbayBBRuJTRbl7QKKhnZn3vmriTT0VeN0QejJWPdRU-gOh02AJAPFAHe_b0O2rLN2Yzv7OAsePlFOkN5d-1nEu2zIGfSb6sqtu5yTT62pvBwOvw7EObNGZKDbEujaeAMUCgM1E4rJUtUUhMg4SBWIyOYkHSU1VNVGyZ_X7AzvAQGY:1roLEN:hXVyjkKtE_8ryp0VcI-zc3ZfIbXo9zLiYIXxM_JQ47o", "expire_date": "2024-04-07T10:37:35.335Z"}}, {"model": "sessions.session", "pk": "1v01899gopav7c73b0dmx2q42j0t1o2i", "fields": {"session_data": ".eJxVjMsOwiAQRf-FtSG8QZfu_QYCM4xUDSSlXRn_3TbpQrf3nHPfLKZ1qXEdZY4TsguT7PS75QTP0naAj9TunUNvyzxlviv8oIPfOpbX9XD_DmoadasJ8ewJjUbtkKQgRRqtCEVZMMVlT0oGtMFqDxgEkHUGvNhU1EmFwD5f_wE4RA:1rrTZ0:NlrNTvfLSllLtwAo9jRmoQVmR2krhyuIr-JQi-E7JO0", "expire_date": "2024-04-16T02:07:50.339Z"}}, {"model": "sessions.session", "pk": "20rn6xhs4xdjqkx6lzwudvrp0etmgwgo", "fields": {"session_data": "e30:1rc4Dw:KVeyYKx9WnFRmrZIX7QOQ9YTq6jYvDWjhHHejvPLD8s", "expire_date": "2024-03-04T14:02:24.660Z"}}, {"model": "sessions.session", "pk": "2qeyaxxbiuo4ymtethj4me53ic3sui26", "fields": {"session_data": ".eJxVjDsOgzAQBe_iOrLMYuPdlOk5A1rbayBBRuJTRbl7QKKhnZn3vmriTT0VeN0QejJWPdRU-gOh02AJAPFAHe_b0O2rLN2Yzv7OAsePlFOkN5d-1nEu2zIGfSb6sqtu5yTT62pvBwOvw7EObNGZKDbEujaeAMUCgM1E4rJUtUUhMg4SBWIyOYkHSU1VNVGyZ_X7AzvAQGY:1roLqH:tyryTFx6WhV0vBt2y_MQgOrJhbD-YUt3Wlp9GRs-y2U", "expire_date": "2024-04-07T11:16:45.103Z"}}, {"model": "sessions.session", "pk": "30qi2uvfsyxjzb60xgwy7n0ba37n2pvt", "fields": {"session_data": "eyJsYXQiOiIyOC4yMDI5MjE3MzA1NjExNDQiLCJsbmciOiI4My45OTUwNTYwMjM0OTY2OSJ9:1roLBg:wYkFrxOo9ynTgRBfoZiyE18UPlNKAvrKZHbh8pDvZes", "expire_date": "2024-04-07T10:34:48.805Z"}}, {"model": "sessions.session", "pk": "38bfsbr2pg91wr2weeayrmlv4qzq24l2", "fields": {"session_data": ".eJxVjjsOwjAQRO_iGlnOZhN7Kek5Q7S210kAOVI-FeLu2FIKaN_MPM1bDXzs03Bssg5zVFcF6vLLPIen5BrEB-dx0WHJ-zp7XSv6TDd9X6K8bmf3TzDxNpW1Z3SdCYI-tK2xBE4QADARSZekadEJkekgkicmk6JYkNg3TR8kWS7SF-_1n9UGDBZBRXksyKF2rsgsqM8XxD5ATw:1rpOIq:2OpBB8EX31v1pEK1H5S8ZB2cf_f7BSdRMNnFLhpKCxU", "expire_date": "2024-04-10T08:06:32.904Z"}}, {"model": "sessions.session", "pk": "3yd06jal9iiwqv10xfkj11f3ipvrt77j", "fields": {"session_data": ".eJxVjMsOwiAQRf-FtSG8QZfu_QYCM4xUDSSlXRn_3TbpQrf3nHPfLKZ1qXEdZY4TsguT7PS75QTP0naAj9TunUNvyzxlviv8oIPfOpbX9XD_DmoadasJ8ewJjUbtkKQgRRqtCEVZMMVlT0oGtMFqDxgEkHUGvNhU1EmFwD5f_wE4RA:1rrBs6:1uO2a6aB9LGoh-2gLfXLFf9xE0thO1UocPe5j_cZArI", "expire_date": "2024-04-15T07:14:22.453Z"}}, {"model": "sessions.session", "pk": "4bu2p3yn7hdnkogavq06jxn39txw0kyo", "fields": {"session_data": "eyJsYXQiOiIyOC4yMDI3MzYiLCJsbmciOiI4My45OTUxNzY1In0:1roLH1:GL-qBBYyOJM9LqXwtA_3PDiKM-SWWYbrAR5sdgtiRMA", "expire_date": "2024-04-07T10:40:19.759Z"}}, {"model": "sessions.session", "pk": "4fpbwr226inmfhd7m78kwaj1fg28r29z", "fields": {"session_data": ".eJxVjMsOwiAQRf-FtSG8QZfu_QYCM4xUDSSlXRn_3TbpQrf3nHPfLKZ1qXEdZY4TsguT7PS75QTP0naAj9TunUNvyzxlviv8oIPfOpbX9XD_DmoadasJ8ewJjUbtkKQgRRqtCEVZMMVlT0oGtMFqDxgEkHUGvNhU1EmFwD5f_wE4RA:1rsFM3:f-Y3EVH6x3_EnVrvGzue9LPr9C9Q4AffbuIDzVtjovo", "expire_date": "2024-04-18T05:09:39.191Z"}}, {"model": "sessions.session", "pk": "4hkpzycfm6to2x0ed8l8z6ql4ppsidii", "fields": {"session_data": ".eJxVjDsOwyAQRO9CHSFYwLAp0-cM1gKLncTCkj9VlLvHlt14ynlv5isGWsRdQJCgIFjj8EgQNzHUbkPBSEQH3qojeiMtrUvfrjNP7Svv82sXKX247iC_qXajTGNdpleUuyJPOsvnmHl4nO7loKe539aRbHAqsY3JGOURAlsAsAWRXWFtbGBE5SBjREJVMnvg3GjdJC6exO8P3DJDaw:1rsked:L7hH_EAtaWkk7x6L9zTRqhw9aFb1LCOZVZG3pvNCYIU", "expire_date": "2024-04-19T14:34:55.861Z"}}, {"model": "sessions.session", "pk": "4j0rbypw51mzb5fgavi5ecp1ysss0sg7", "fields": {"session_data": ".eJxVjjsOwyAQRO9CHSFYwLAp0-cM1gKL7STCkj9VlLvHSC6S9r2Z0bxFT_s29vvKSz9lcRUgLr8sUnpybSI_qA6zTHPdlinKFpGnXeV9zvy6ndm_gZHW8WhHssGpxDYmY5RHCGwBwBZEdoW1sYERlYOMEQlVyeyBc6d1l7h4OkZftLV_QYICD6GROhwkGInotEcrPl-E5kAo:1roL2L:ug9PzsBs1xo6VGw9wuy8NvEuq5bDFCKBWm0JajZNt9o", "expire_date": "2024-04-07T10:25:09.594Z"}}, {"model": "sessions.session", "pk": "5006eke1cw61j4hw27lux2wnus8f4czf", "fields": {"session_data": ".eJxVjMsOwiAQRf-FtSG8QZfu_QYCM4xUDSSlXRn_3TbpQrf3nHPfLKZ1qXEdZY4TsguT7PS75QTP0naAj9TunUNvyzxlviv8oIPfOpbX9XD_DmoadasJ8ewJjUbtkKQgRRqtCEVZMMVlT0oGtMFqDxgEkHUGvNhU1EmFwD5f_wE4RA:1rrWEq:al74Om382AgUvf0ZMgqzMHT9CApv_7NjhGw2rD-1Rnc", "expire_date": "2024-04-16T04:59:12.596Z"}}, {"model": "sessions.session", "pk": "5bzgv3qrl3ygtj8wi6dp6agn06c3kztk", "fields": {"session_data": ".eJxVjjsOwjAQRO_iGlnOxo53Kek5Q7S210kAOVI-FeLuxFIKaN-bGc1b9bxvY7-vsvRTUlcF6vLLAsenlCrSg8sw6ziXbZmCrhF92lXf5ySv25n9Gxh5HY92YIvORLEhtq3xBCgWAGwmEpelaS0KkXGQKBCTyUk8SOqapouSPR-jL97qP687Qk_GVlSGA6HTYAkAUX2-xjRAZg:1roPPG:9tjfeHf-lLiWG6iajFRz9fdZPSwGZ417LCopX1Gwj8A", "expire_date": "2024-04-07T15:05:06.794Z"}}, {"model": "sessions.session", "pk": "5lj01b992yxy71sd00mu2vwi68xhmmxv", "fields": {"session_data": "eyJsYXQiOiIyOC4yMDI4ODU3OTY4MzI0OTQiLCJsbmciOiI4My45OTUxNzE0MjEzOTUyNiJ9:1roLAk:yCCfuU778fD_HTIS28mxRMR1tuRFv-upp6ZckeTO0g4", "expire_date": "2024-04-07T10:33:50.090Z"}}, {"model": "sessions.session", "pk": "63rcy1g6xajxdfogiykrs6vigbrfm23i", "fields": {"session_data": "eyJsYXQiOiIyOC4yMDI3NTE2IiwibG5nIjoiODMuOTk1MTc3NCJ9:1rpLTy:cRwxe_Jvd7beMuXcQeAR6YELr1UZirL9A3wWwgw2Dl0", "expire_date": "2024-04-10T05:05:50.928Z"}}, {"model": "sessions.session", "pk": "6jbxhil7402dc2j1z63aj30az7tdkdb4", "fields": {"session_data": "eyJsYXQiOiIyOC4yMDI4NTQzMzMzMzMzMzgiLCJsbmciOiI4My45OTUyODE3NSJ9:1rrzsc:gAYurcdZ1kBZ8nqVRBBr7zAm1D6JJ78xo3r6Q2E_p-g", "expire_date": "2024-04-17T12:38:14.807Z"}}, {"model": "sessions.session", "pk": "7rlzvxxwzueictu92mx389jg7z6spxw7", "fields": {"session_data": ".eJxVjjsOwjAQRO_iGln22o53Kek5Q-TPOgkgR8qnQtydWEoBU86bGc1b9GHfxn5feemnLK4CxOXXiyE9uTaQH6EOs0xz3ZYpyhaRJ13lfc78up3Zv4ExrOPRjsGiU4ltTMYoT4BsAcAWInaFtbHIRMpBpkiBVMnsgXOndZe4-HCMvsLW_qEEBeisOYUN1eFAaCSRA9Teic8XC3pCKg:1rrzsQ:zP72hbsF7Nd12XKvSN6meUv6H1I-edaogbBMZOpH4Ro", "expire_date": "2024-04-17T12:38:02.346Z"}}, {"model": "sessions.session", "pk": "7uaj4oyg0w5udzrefd4i800tnmvky5qq", "fields": {"session_data": "eyJsYXQiOiIyNy4wMjA0OTI4IiwibG5nIjoiODQuODgyMjI3MiJ9:1rpOJ0:quHDXKdQ7_zbSeq_sUNDqxpim-AybRHgr6-Fi_oKnO8", "expire_date": "2024-04-10T08:06:42.364Z"}}, {"model": "sessions.session", "pk": "8ulrdtofluy56r4tm7njwu331aqoofze", "fields": {"session_data": ".eJxVjMsOwiAQRf-FtSG8QZfu_QYCM4xUDSSlXRn_3TbpQrf3nHPfLKZ1qXEdZY4TsguT7PS75QTP0naAj9TunUNvyzxlviv8oIPfOpbX9XD_DmoadasJ8ewJjUbtkKQgRRqtCEVZMMVlT0oGtMFqDxgEkHUGvNhU1EmFwD5f_wE4RA:1rqbQy:7bJJDLtJV-Hlb7wgkuf_mw-3qzg8MfheGNrTLFRYOsM", "expire_date": "2024-04-13T16:19:56.036Z"}}, {"model": "sessions.session", "pk": "9dwvhwtz2n68wxf47cs0nldyt73embxq", "fields": {"session_data": ".eJxVjMsOwiAQRf-FtSG8QZfu_QYCM4xUDSSlXRn_3TbpQrf3nHPfLKZ1qXEdZY4TsguT7PS75QTP0naAj9TunUNvyzxlviv8oIPfOpbX9XD_DmoadasJ8ewJjUbtkKQgRRqtCEVZMMVlT0oGtMFqDxgEkHUGvNhU1EmFwD5f_wE4RA:1rgl4f:wo20g1nA7-chPQi2GNDbU7RIlc2vM5yGll5UcbaGeCU", "expire_date": "2024-03-17T12:36:13.842Z"}}, {"model": "sessions.session", "pk": "9em1pr02d7a4rcuspf7qmnk3nu0h6lsm", "fields": {"session_data": ".eJxVjMsOwiAQRf-FtSG8QZfu_QYCM4xUDSSlXRn_3TbpQrf3nHPfLKZ1qXEdZY4TsguT7PS75QTP0naAj9TunUNvyzxlviv8oIPfOpbX9XD_DmoadasJ8ewJjUbtkKQgRRqtCEVZMMVlT0oGtMFqDxgEkHUGvNhU1EmFwD5f_wE4RA:1roLqx:g2yYhcv2w27R6SWlelpFt3ltamAilrKTGlJ6PlhN7yc", "expire_date": "2024-04-07T11:17:27.188Z"}}, {"model": "sessions.session", "pk": "aeehmbncj33twg7b58gy9zoehyeytmt6", "fields": {"session_data": ".eJxVjDsOgzAQBe_iOrLMYuPdlOk5A1rbayBBRuJTRbl7QKKhnZn3vmriTT0VeN0QejJWPdRU-gOh02AJAPFAHe_b0O2rLN2Yzv7OAsePlFOkN5d-1nEu2zIGfSb6sqtu5yTT62pvBwOvw7EObNGZKDbEujaeAMUCgM1E4rJUtUUhMg4SBWIyOYkHSU1VNVGyZ_X7AzvAQGY:1rq6HU:Gmu6YH09vPGlVKS5Ic8dBvKV4WVJxgQTOBEgbUYlJ2I", "expire_date": "2024-04-12T07:04:04.952Z"}}, {"model": "sessions.session", "pk": "av20fx3dxi3gwrvn3x1j7m4gx2gazun8", "fields": {"session_data": "eyJsYXQiOiIyNy42OTg3OTA0IiwibG5nIjoiODUuMjQ5MjI4OCJ9:1roLII:26sSC8KZl7OQBdBDDQbIH4d34QW-sYCSngqWNm_XWrY", "expire_date": "2024-04-07T10:41:38.357Z"}}, {"model": "sessions.session", "pk": "avuy07nrc9end1ofevvc8r4j7oqlkou5", "fields": {"session_data": ".eJxVjjsOwjAQRO_iGln2-ruU9JwhWtvrJIASKZ8KcXdiKQW0782M5i062reh21deurGIqwBx-WWJ8pOnJsqDpn6WeZ62ZUyyReRpV3mfC79uZ_ZvYKB1ONqJbHQqs03ZGBUQIlsAsBWRXWVtbGRE5aBgQkJVCwfg4rX2mWugY_RFW_sXpAUftW9k6g8SnVTGg_FRfL6E-kAf:1rskYU:KTugal7jgAFqbxr-5b04Yt5A1384_G1OD83Gx6DyCXI", "expire_date": "2024-04-19T14:28:34.781Z"}}, {"model": "sessions.session", "pk": "bawz5hdo1efrfu9ecuvoeyowuab1q2rq", "fields": {"session_data": ".eJxVjMsOwiAQRf-FtSG8QZfu_QYCM4xUDSSlXRn_3TbpQrf3nHPfLKZ1qXEdZY4TsguT7PS75QTP0naAj9TunUNvyzxlviv8oIPfOpbX9XD_DmoadasJ8ewJjUbtkKQgRRqtCEVZMMVlT0oGtMFqDxgEkHUGvNhU1EmFwD5f_wE4RA:1rjf56:gKXjQ5fSrPjmOAS0-2wMPS1k_-uBUi0u15JxHzCzDII", "expire_date": "2024-03-25T12:48:40.092Z"}}, {"model": "sessions.session", "pk": "bde9oswqrsu1e56ej2cxtglweu1fc5sz", "fields": {"session_data": ".eJxVjjsOwyAQRO9CHSFYMLAp0-cM1gKLncTCkj9VlLvHSC6SdubN07xFT_s29vvKS__I4ipAXH6zSOnFtRX5SXWYZZrrtjyibIg821Xe58zT7WT_BCOt47GOZEOnEtuYjFEeIbAFAFsQuSusjQ2MqDrIGJFQlcweODutXeLi6ZBOtLV_XjqvtVbt6FSHIwqdNNY6APH5AoOUQA8:1rppct:ekgGZOhA8F81VUHeKved11-IHp1iJGabsSO6AVznNBk", "expire_date": "2024-04-11T13:17:03.387Z"}}, {"model": "sessions.session", "pk": "bz5n78e3bh0chah15i9nwxjr5jr4t8cp", "fields": {"session_data": ".eJxVjMsOwiAQRf-FtSG8QZfu_QYCM4xUDSSlXRn_3TbpQrf3nHPfLKZ1qXEdZY4TsguT7PS75QTP0naAj9TunUNvyzxlviv8oIPfOpbX9XD_DmoadasJ8ewJjUbtkKQgRRqtCEVZMMVlT0oGtMFqDxgEkHUGvNhU1EmFwD5f_wE4RA:1rgl7h:KlouRMaZBa2rxjnwot7sOXK4UeKHYadfBVv78Z4YRPg", "expire_date": "2024-03-17T12:39:21.050Z"}}, {"model": "sessions.session", "pk": "c3bpedo2x335cco3kowzt7ug6zf45ay7", "fields": {"session_data": ".eJxVjMsOwiAQRf-FtSG8QZfu_QYCM4xUDSSlXRn_3TbpQrf3nHPfLKZ1qXEdZY4TsguT7PS75QTP0naAj9TunUNvyzxlviv8oIPfOpbX9XD_DmoadasJ8ewJjUbtkKQgRRqtCEVZMMVlT0oGtMFqDxgEkHUGvNhU1EmFwD5f_wE4RA:1roEtO:LjIUYwR9n-XonMWVFRAfV7i9qA_FiNyCZiMm25-TZNw", "expire_date": "2024-04-07T03:51:30.376Z"}}, {"model": "sessions.session", "pk": "ch1r3a3jusrgf6qwuk5jlql6kz8ltrtn", "fields": {"session_data": ".eJxVjDsOwjAQBe_iGll2PmuHkj5nsHa9GxxAthQnFeLuJFIKaGfmvbcKuK0pbFWWMLO6ql5dfhlhfEo-BD8w34uOJa_LTPpI9GmrHgvL63a2fwcJa9rXQwfRWuuMbydCgc6ygYbJOTLgoyBN_WBb8K2YxuPAHQHuBAEkRmL1-QLTxTgA:1rqcZ1:TqLky0AcvBXegSEhdaCA4AkKQRy1miMw9BxB03YE910", "expire_date": "2024-04-13T17:32:19.979Z"}}, {"model": "sessions.session", "pk": "cush9u1oew98gckva8yk1wr25708wdr7", "fields": {"session_data": "eyJsYXQiOiIyOC4yMDI5MjE3MzA1NjExNDQiLCJsbmciOiI4My45OTUwNTYwMjM0OTY2OSJ9:1roLBg:wYkFrxOo9ynTgRBfoZiyE18UPlNKAvrKZHbh8pDvZes", "expire_date": "2024-04-07T10:34:48.714Z"}}, {"model": "sessions.session", "pk": "d25nqliuh5yfkibr6h24jkzayjh7kcjx", "fields": {"session_data": "e30:1rc4E5:YGq41KlTxO51BO0EeoJQ7OGqKoxDdAjkxtABd0tpwog", "expire_date": "2024-03-04T14:02:33.534Z"}}, {"model": "sessions.session", "pk": "dfafd9n31x7vg87qfsin4nmsrk4x1s64", "fields": {"session_data": ".eJxVjEEOwiAQRe_C2hAYaGFcuvcMzQCDVA0kpV0Z765NutDtf-_9l5hoW8u0dV6mOYmzAHH63QLFB9cdpDvVW5Ox1XWZg9wVedAury3x83K4fweFevnWgawfVGQbojHKIXi2AGAzIg-ZtbGeEdUACQMSqpzYAadR6zFydiTeH9dRN-g:1rq6We:mK-PDpA-PaEeM_7idouMOfGCAKps752UDYL-NHQxMz8", "expire_date": "2024-04-12T07:19:44.190Z"}}, {"model": "sessions.session", "pk": "do53xd8n870zrog54d5l4a9yohimjf70", "fields": {"session_data": "e30:1rc43r:yHrnML86XI3I5agIgdOeYN5YD_QezvNWq7UvGOUmWIo", "expire_date": "2024-03-04T13:51:59.580Z"}}, {"model": "sessions.session", "pk": "e2pd3slznpb3w5mfcm1vg2bo6mte1uzd", "fields": {"session_data": "eyJsYXQiOiIyOC4yMDI5MjE3MzA1NjExNDQiLCJsbmciOiI4My45OTUwNTYwMjM0OTY2OSJ9:1roLBg:wYkFrxOo9ynTgRBfoZiyE18UPlNKAvrKZHbh8pDvZes", "expire_date": "2024-04-07T10:34:48.711Z"}}, {"model": "sessions.session", "pk": "f2w7gsuqgxvat1jblnz2pftkfsiqhsaf", "fields": {"session_data": "eyJsYXQiOiIyNy42OTg3OTA0IiwibG5nIjoiODUuMjQ5MjI4OCJ9:1roLI2:IQya0Gt-Yd7jxvLl-TIlptgHMiMIEokep-NUUUwfOxo", "expire_date": "2024-04-07T10:41:22.752Z"}}, {"model": "sessions.session", "pk": "fber5nndz33xke87wxl9y221njh62zim", "fields": {"session_data": "eyJsYXQiOiIyNy4wMjA0OTI4IiwibG5nIjoiODQuODgyMjI3MiJ9:1rpLpj:9nsba0aAIkEgMZGceGeIPe0QzeyhsBRZEeHQs1ehbok", "expire_date": "2024-04-10T05:28:19.662Z"}}, {"model": "sessions.session", "pk": "fpif6xgommxqodr797qlw68wn2wuyntn", "fields": {"session_data": ".eJxVjMsOwiAQRf-FtSG8QZfu_QYCM4xUDSSlXRn_3TbpQrf3nHPfLKZ1qXEdZY4TsguT7PS75QTP0naAj9TunUNvyzxlviv8oIPfOpbX9XD_DmoadasJ8ewJjUbtkKQgRRqtCEVZMMVlT0oGtMFqDxgEkHUGvNhU1EmFwD5f_wE4RA:1robDo:-Snnr6CJm8t2Y5rU1n1pkIhrBLPTZlXCPE3lJ8B5AyI", "expire_date": "2024-04-08T03:42:04.709Z"}}, {"model": "sessions.session", "pk": "hfq9xddskpb3r06072xjpcg0dqpmu7kh", "fields": {"session_data": ".eJxVjMsOwiAQRf-FtSG8QZfu_QYCM4xUDSSlXRn_3TbpQrf3nHPfLKZ1qXEdZY4TsguT7PS75QTP0naAj9TunUNvyzxlviv8oIPfOpbX9XD_DmoadasJ8ewJjUbtkKQgRRqtCEVZMMVlT0oGtMFqDxgEkHUGvNhU1EmFwD5f_wE4RA:1rqYnG:TeQIJcatm4etbdwX59yw-fUoAx_C2S_hkZgqmHEoseM", "expire_date": "2024-04-13T13:30:46.193Z"}}, {"model": "sessions.session", "pk": "hng16zlxqqe2l8uk7wms78yql5oe60pv", "fields": {"session_data": ".eJxVjMsOwiAQRf-FtSG8QZfu_QYCM4xUDSSlXRn_3TbpQrf3nHPfLKZ1qXEdZY4TsguT7PS75QTP0naAj9TunUNvyzxlviv8oIPfOpbX9XD_DmoadasJ8ewJjUbtkKQgRRqtCEVZMMVlT0oGtMFqDxgEkHUGvNhU1EmFwD5f_wE4RA:1rjfZv:kerJbv9NZnjysKNIedfmLnTBWOc4Q36WxPuaUIslBtI", "expire_date": "2024-03-25T13:20:31.641Z"}}, {"model": "sessions.session", "pk": "jl63ua2a8evfwzyj2ujzcv87xptac8ge", "fields": {"session_data": "eyJsYXQiOiIyOC4yMDI3NDk1IiwibG5nIjoiODMuOTk1MTgxMyJ9:1rrzaW:Y9_hzXGS_z1ZDxZJspGuoqTKYWPqTr7zWI1P2LBbcno", "expire_date": "2024-04-17T12:19:32.571Z"}}, {"model": "sessions.session", "pk": "l0h4kofvlqpwxxtufyqguxgro9dc2v2y", "fields": {"session_data": "eyJsYXQiOiIyOC4yMTI3NDIiLCJsbmciOiI4My45OTkzMTIifQ:1rpJpO:cO2SC7LoIg_eJWVVQD_jGE6QHaB-6_ALL8FdB6iPHLM", "expire_date": "2024-04-10T03:19:50.520Z"}}, {"model": "sessions.session", "pk": "lbuypry3q9y2unraq47hgj6e1e4vx5sf", "fields": {"session_data": "e30:1rc4BQ:5P_TNWBuMdVluO9lY5BkiPOJ5K26-zoPVC04HX3OE3c", "expire_date": "2024-03-04T13:59:48.906Z"}}, {"model": "sessions.session", "pk": "lft8d36n4uy4iwru37jwv93b5eo3tsqw", "fields": {"session_data": ".eJxVjMsOwiAQRf-FtSG8QZfu_QYCM4xUDSSlXRn_3TbpQrf3nHPfLKZ1qXEdZY4TsguT7PS75QTP0naAj9TunUNvyzxlviv8oIPfOpbX9XD_DmoadasJ8ewJjUbtkKQgRRqtCEVZMMVlT0oGtMFqDxgEkHUGvNhU1EmFwD5f_wE4RA:1rqd1M:STQ3MzXCrsWpIL3AkYSYS3fFAG8cIuNtb4Ct6XAohn8", "expire_date": "2024-04-13T18:01:36.625Z"}}, {"model": "sessions.session", "pk": "ljyb6uehuy163zy6fs47t8isox2cj234", "fields": {"session_data": ".eJxVjMsOwiAQRf-FtSG8QZfu_QYCM4xUDSSlXRn_3TbpQrf3nHPfLKZ1qXEdZY4TsguT7PS75QTP0naAj9TunUNvyzxlviv8oIPfOpbX9XD_DmoadasJ8ewJjUbtkKQgRRqtCEVZMMVlT0oGtMFqDxgEkHUGvNhU1EmFwD5f_wE4RA:1rhMvK:X84JWkZB8qlQsE_92sZjIDDvqZJFiQZpJd6utC-5p_w", "expire_date": "2024-03-19T05:01:06.894Z"}}, {"model": "sessions.session", "pk": "lwzhdqzkly99fibddw8kiotwvtky3p0e", "fields": {"session_data": "eyJsYXQiOiIyOC4yMTI3NDIiLCJsbmciOiI4My45OTkzMTIifQ:1rpJpO:cO2SC7LoIg_eJWVVQD_jGE6QHaB-6_ALL8FdB6iPHLM", "expire_date": "2024-04-10T03:19:50.561Z"}}, {"model": "sessions.session", "pk": "mzfgparfh6gy6sy1h4jacwbitq828b1b", "fields": {"session_data": ".eJxVjjsOwyAQRO9CHSFYwLAp0-cM1gKL7STCkj9VlLvHSC6S9r2Z0bxFT_s29vvKSz9lcRUgLr8sUnpybSI_qA6zTHPdlinKFpGnXeV9zvy6ndm_gZHW8WhHssGpxDYmY5RHCGwBwBZEdoW1sYERlYOMEQlVyeyBc6d1l7h4OkZftLV_QYICbxEbqsOBgpGITntnxOcLxUVAXw:1rsPnK:NN4FnqIlm17H98g4IhWoiJnklKTIbdVH3T8GZlgr6gU", "expire_date": "2024-04-18T16:18:30.863Z"}}, {"model": "sessions.session", "pk": "oa93sld2b0wk5fsy4jfixacu5u3x0qdk", "fields": {"session_data": "eyJsYXQiOiIyOC4yMDI3NDk1IiwibG5nIjoiODMuOTk1MTgxMyJ9:1rrzh5:0RW-c6zm3Pg8_Jxd8wAYbcSL2ppZZIIjHQvB_rCN82c", "expire_date": "2024-04-17T12:26:19.973Z"}}, {"model": "sessions.session", "pk": "oyorol9u39n0730b7ywfc108er5wbqgi", "fields": {"session_data": "eyJsYXQiOiIyNy42NjkyOTkyIiwibG5nIjoiODUuMzM0NDI1NiJ9:1rrzmN:p41Aybl0xV9rK_qttu0V3nkiYeEI9VTi78kh0EXXpGA", "expire_date": "2024-04-17T12:31:47.400Z"}}, {"model": "sessions.session", "pk": "pn1vftw8yzn7wg8c0zaw6tzeeygqcq5p", "fields": {"session_data": "e30:1rc3zy:lGd2qmTAQEvWeHu1jGIMQdsVgHEhia3yvZOe1XuQadU", "expire_date": "2024-03-04T13:47:58.856Z"}}, {"model": "sessions.session", "pk": "qaxz8eav6153hj8ssomp2lgxysrnwgkl", "fields": {"session_data": "e30:1rc4Is:fS4dwSixTffosQEU8DokNOOq-Vg55r80OfzOpHRzKEM", "expire_date": "2024-03-04T14:07:30.378Z"}}, {"model": "sessions.session", "pk": "qf8nrt4i3y9ogg96tu7zjmm3xddljl7u", "fields": {"session_data": ".eJxVjMsOwiAQRf-FtSG8QZfu_QYCM4xUDSSlXRn_3TbpQrf3nHPfLKZ1qXEdZY4TsguT7PS75QTP0naAj9TunUNvyzxlviv8oIPfOpbX9XD_DmoadasJ8ewJjUbtkKQgRRqtCEVZMMVlT0oGtMFqDxgEkHUGvNhU1EmFwD5f_wE4RA:1roPbV:h3xZc6U0AGQdloOTdztBFm8yYm1Hld5GLri__c_zAJ0", "expire_date": "2024-04-07T15:17:45.113Z"}}, {"model": "sessions.session", "pk": "qzn0ovisinvmlwm4cpqr58560dchdorz", "fields": {"session_data": ".eJxVjEEOwiAQRe_C2hAYaGFcuvcMzQCDVA0kpV0Z765NutDtf-_9l5hoW8u0dV6mOYmzAHH63QLFB9cdpDvVW5Ox1XWZg9wVedAury3x83K4fweFevnWgawfVGQbojHKIXi2AGAzIg-ZtbGeEdUACQMSqpzYAadR6zFydiTeH9dRN-g:1rq480:7r0iHMuOwakvZTf8K1XUaZQIukWlCNUN28OeWDCQbEs", "expire_date": "2024-04-12T04:46:08.530Z"}}, {"model": "sessions.session", "pk": "r63i0ba9h83ubycvb5tlnbzewk283vpq", "fields": {"session_data": "eyJsYXQiOiIyNy42NzI1NzYiLCJsbmciOiI4NS4zNDQyNTYifQ:1rq6JD:LnYL3gL7ajlK5yG9uinGEMnSaz9s3B-gzSKZq5_1mGA", "expire_date": "2024-04-12T07:05:51.059Z"}}, {"model": "sessions.session", "pk": "s9kmnhzdht77ltxvmaonxgn7nbr7m1gu", "fields": {"session_data": ".eJxVjMsOwiAQRf-FtSG8QZfu_QYCM4xUDSSlXRn_3TbpQrf3nHPfLKZ1qXEdZY4TsguT7PS75QTP0naAj9TunUNvyzxlviv8oIPfOpbX9XD_DmoadasJ8ewJjUbtkKQgRRqtCEVZMMVlT0oGtMFqDxgEkHUGvNhU1EmFwD5f_wE4RA:1rogTI:Wr6_TlVYktSgNbo0u6F-oA81oVwWwOUEaZnC7bJ531s", "expire_date": "2024-04-08T09:18:24.377Z"}}, {"model": "sessions.session", "pk": "suymea7flsxws7vy6j85yci1ysr25dr8", "fields": {"session_data": "eyJsYXQiOiIyOC4yMDI3NDIxIiwibG5nIjoiODMuOTk1MTczNCJ9:1roLD6:ePR_P_HlwK8OqxwZJ_egaeJhqagbWJcMPx3TwjX5Gfo", "expire_date": "2024-04-07T10:36:16.080Z"}}, {"model": "sessions.session", "pk": "tbdcp6bqtl3ghdx85jn2f7qzy2hqzsge", "fields": {"session_data": ".eJxVjMsOwiAQRf-FtSG8QZfu_QYCM4xUDSSlXRn_3TbpQrf3nHPfLKZ1qXEdZY4TsguT7PS75QTP0naAj9TunUNvyzxlviv8oIPfOpbX9XD_DmoadasJ8ewJjUbtkKQgRRqtCEVZMMVlT0oGtMFqDxgEkHUGvNhU1EmFwD5f_wE4RA:1rp0Dc:xnsOJm0SV9NIlhOR_NVhrKWovOXxaFpyaNG9cfDN_II", "expire_date": "2024-04-09T06:23:32.407Z"}}, {"model": "sessions.session", "pk": "tcm69bgcer0hgu489doizajptpsgcrov", "fields": {"session_data": "eyJsYXQiOiIyNy4wMjA0OTI4IiwibG5nIjoiODQuODgyMjI3MiJ9:1rpLpR:IxZ3vJ5GS2EJ_l17umvczEnOj4G9VT8rykRbi74WCOI", "expire_date": "2024-04-10T05:28:01.233Z"}}, {"model": "sessions.session", "pk": "tfi165xjdvte8qa73q17se8rqsj5m1um", "fields": {"session_data": "eyJsYXQiOiIyOC4yMDI4ODU3OTY4MzI0OTQiLCJsbmciOiI4My45OTUxNzE0MjEzOTUyNiJ9:1roLAk:yCCfuU778fD_HTIS28mxRMR1tuRFv-upp6ZckeTO0g4", "expire_date": "2024-04-07T10:33:50.193Z"}}, {"model": "sessions.session", "pk": "v7aw66w83uvaklx4rswueicszvjhdwyw", "fields": {"session_data": ".eJxVjEEOwiAQRe_C2hAYaGFcuvcMzQCDVA0kpV0Z765NutDtf-_9l5hoW8u0dV6mOYmzAHH63QLFB9cdpDvVW5Ox1XWZg9wVedAury3x83K4fweFevnWgawfVGQbojHKIXi2AGAzIg-ZtbGeEdUACQMSqpzYAadR6zFydiTeH9dRN-g:1rrzRm:Ppok3U29lznMR05KbZDQk2ZULf0Qh2voyKvT4pdPYoI", "expire_date": "2024-04-17T12:10:30.876Z"}}, {"model": "sessions.session", "pk": "vn0sl0bq2iclcngefzic4dxr8s2ajscq", "fields": {"session_data": ".eJxVjjsOwyAQRO9CHSG8gGFTps8ZrAUW20mEJX-qKHcPSC6S9s3M07zFQMc-DcfG6zAncRUgLr8sUHxyaUF6UBkXGZeyr3OQrSLPdJP3JfHrdnb_BBNtU10HMt6qyCZErZVD8GwAwGREtpk7bTwjKgsJAxKqnNgBp77r-sjZUZW-aG__vAQFrtoaKmNFXktE2zmP4vMFxPRAYw:1rseFC:PmXuWJmTu0W_HufKPj136HWFjoSkLIZBcHxyczKVOKs", "expire_date": "2024-04-19T07:44:14.116Z"}}, {"model": "sessions.session", "pk": "w114taexnq3eic0qlczbl6jnbc3ehlrk", "fields": {"session_data": ".eJxVjEEOwiAQRe_C2hAYaGFcuvcMzQCDVA0kpV0Z765NutDtf-_9l5hoW8u0dV6mOYmzAHH63QLFB9cdpDvVW5Ox1XWZg9wVedAury3x83K4fweFevnWgawfVGQbojHKIXi2AGAzIg-ZtbGeEdUACQMSqpzYAadR6zFydiTeH9dRN-g:1rozbQ:p-f9FAY1SX7USuByl81eb-o5KHzbHQAv_V-yqx0p7ZQ", "expire_date": "2024-04-09T05:44:04.470Z"}}, {"model": "sessions.session", "pk": "wetsql1pf5jzlpwbodlvh3nige7rxfk5", "fields": {"session_data": "e30:1rc3zi:SznbEeW81DPpZKeJ_g8w2NLVeiI709nkVGcLznx53oo", "expire_date": "2024-03-04T13:47:42.008Z"}}, {"model": "sessions.session", "pk": "x9vrkr5g6r3jqirzu9gategubjxhfawz", "fields": {"session_data": ".eJxVjEEOwiAQRe_C2hAYaGFcuvcMzQCDVA0kpV0Z765NutDtf-_9l5hoW8u0dV6mOYmzAHH63QLFB9cdpDvVW5Ox1XWZg9wVedAury3x83K4fweFevnWgawfVGQbojHKIXi2AGAzIg-ZtbGeEdUACQMSqpzYAadR6zFydiTeH9dRN-g:1rqtk0:W-yMfjpuIw162oy_tcadL-mdMmE12US3UahHv9i3ldM", "expire_date": "2024-04-14T11:52:48.575Z"}}, {"model": "sessions.session", "pk": "xg76av8fvbou7v6gsc3naj412jd4sij9", "fields": {"session_data": ".eJxVjjsOwjAQRO_iGln2-ruU9JwhWtvrJIASKZ8KcXdiKQW0782M5i062reh21deurGIqwBx-WWJ8pOnJsqDpn6WeZ62ZUyyReRpV3mfC79uZ_ZvYKB1ONqJbHQqs03ZGBUQIlsAsBWRXWVtbGRE5aBgQkJVCwfg4rX2mWugY_RFW_sXpAUftW9k6g8SnVTGg_FRfL6E-kAf:1rtRKH:Pmd3NspPfP7fBPwZ20PL0npsDwr6lXudBJ96HPpByZs", "expire_date": "2024-04-21T12:08:45.984Z"}}, {"model": "sessions.session", "pk": "xtnaxeww31m1nkkbo2fnye5y1ccexi9h", "fields": {"session_data": "eyJsYXQiOiIyNy42OTg3OTA0IiwibG5nIjoiODUuMjQ5MjI4OCJ9:1roLIR:AT8c3ISfd88RedT6NAuB0Z293g3Ee7GUMyyGRg0AqIk", "expire_date": "2024-04-07T10:41:47.542Z"}}, {"model": "sessions.session", "pk": "y6scqypcklqrs2artyzohoueu6rrwpse", "fields": {"session_data": ".eJxVjMsOwiAQRf-FtSG8QZfu_QYCM4xUDSSlXRn_3TbpQrf3nHPfLKZ1qXEdZY4TsguT7PS75QTP0naAj9TunUNvyzxlviv8oIPfOpbX9XD_DmoadasJ8ewJjUbtkKQgRRqtCEVZMMVlT0oGtMFqDxgEkHUGvNhU1EmFwD5f_wE4RA:1rjfyO:UO7nLSmidQn2KivOkXBcDCWRmOWjnqQQkDeA_wpik_s", "expire_date": "2024-03-25T13:45:48.157Z"}}, {"model": "sessions.session", "pk": "ykajoh2x0dnvb3s8gj3b0v273x7fhv66", "fields": {"session_data": ".eJxVjDkOwjAQRe_iGln2eLwMJT1niLyMEyBKpCwV4u7EUpq0_733v2KMm7gLCBIUkDYBidAFh-Imxqk_UDCSyGqP6BRYqxrp4r4N3b7y0r1Ky69bivnDUwPlHad-lnmetuWVZFPkSVf5nAuPj9O9HAxxHY46RQxWZcaUjVGeIDACAFYitpW1wcBEykKhRJFULeyBi9PaZa4-it8f3PVDbw:1rrzp0:M20ZbW_KwGlisPkcC5-80tusYUEjtf19nkkocFX5iDU", "expire_date": "2024-04-17T12:34:30.873Z"}}, {"model": "sessions.session", "pk": "ytqvsa9xmyvuybgk7isusy1gap06zksb", "fields": {"session_data": "eyJsYXQiOiIyOC4yMDI5MzY3NSIsImxuZyI6IjgzLjk5NTAxNTM3NSJ9:1roL8N:oj7oIaiSuFE1vUdVl4J4yeNVicFlZhY5bqJoKGl8ttY", "expire_date": "2024-04-07T10:31:23.564Z"}}, {"model": "sessions.session", "pk": "yx0gpa2ohbug9iunkqeboh0erw11gz0i", "fields": {"session_data": ".eJxVjMsOgyAQRf-FdUNgAGG67N5vMAMMamsw8bFq-u_VxI3bc869XzHRJp4CggQF3upGPMRU-wMFIxGdDgAH6mjfhm5feenGfPZ3Fil9uJ4iv6n2s0xz3ZYxyjORl11lO2eeXld7OxhoHY51JBucSmxjMkZ5hMAWAGxBZFdYGxsYUTnIGJFQlcweODdaN4mLJ_H7AyvbQFE:1rpVfE:OHuMcNb9uD31BdQXSfo-I-meSYVGz272P9rqigwWKsg", "expire_date": "2024-04-10T15:58:08.572Z"}}, {"model": "sessions.session", "pk": "yyib59jr9y8ascvn474yltbd3oikdv0r", "fields": {"session_data": ".eJxVjTsOwyAQBe9CHaGFxXhJmT5nsGAX7CQWlvypotw9tuTG7czova8a46ruyrbaB2oDOHVTY-13RI22LlhLtKMubuvQbUueu5fsEq8sRf7kegh5x9pPmqe6zq-kj0SfdtHPSfL4ONvLwBCX4fgMYDh5AaFiBbwhZ7KHhOygQEFCjFkCQRuQuclYEDgEAYPZMqD6_QE4Az_i:1roLC6:unp-ppmdj7oXZFObUPr87hZixAB3zN5aEBAqpE1Vucc", "expire_date": "2024-04-07T10:35:14.917Z"}}, {"model": "sessions.session", "pk": "zcqtjahknemw6o7r091eu7pir0xnlhcq", "fields": {"session_data": "eyJsYXQiOiIyNy42OTg3OTA0IiwibG5nIjoiODUuMjQ5MjI4OCJ9:1roLLB:HJWb1-qMYzXVHVZrt46QOpHkjSPPakr781Q3LAaX-W8", "expire_date": "2024-04-07T10:44:37.077Z"}}, {"model": "sessions.session", "pk": "zd8yzv7nva0w9kdukhud11ncm17jw2bz", "fields": {"session_data": "e30:1rc4DT:3MFWOdWo_WmQVnwR3a49_Zi92LfqLajl2t6TdAS2dMk", "expire_date": "2024-03-04T14:01:55.120Z"}}, {"model": "sessions.session", "pk": "zi4jnvp9kild56x61wtqeo8aki118isp", "fields": {"session_data": ".eJxVjjsOwjAQRO_iGllrb-LYlPScIbJ310kAOVI-FeLuxFIKaOfNPM1b9XHfxn5fZeknVleF6vKbpUhPKRXwI5Zh1jSXbZmSrhV90lXfZ5bX7ez-Cca4jsfaBzCUHAP7bBmc8Y0RBwmpgQwZPWIUDh66gEStYEagEBgMiiWor15xO0TWawu2Q1eTMlQ16hBa07lWfb5t9z-h:1roLFp:E4vcFskeIIe3CSESPP8Fw5MbriMkxtyiLpaPAAC_WMo", "expire_date": "2024-04-07T10:39:05.852Z"}}, {"model": "accounts.user", "pk": 1, "fields": {"password": "pbkdf2_sha256$720000$XlBw1h23KyBzoEb5KXkZuo$iaB5vHCoBPzfiaA4VRxgjHacdbEPAVhnudQjgyQ3c54=", "first_name": "django", "last_name": "admin", "username": "djangoadmin", "email": "tester@gmail.com", "phone_number": "", "role": null, "is_admin": true, "is_staff": true, "is_active": true, "is_superadmin": false, "date_joined": "2024-02-18T16:32:51.587Z", "last_login": "2024-04-04T14:48:00.126Z", "created_date": "2024-02-18T16:32:51.587Z", "modified_date": "2024-02-18T16:32:51.602Z"}}, {"model": "accounts.user", "pk": 2, "fields": {"password": "pbkdf2_sha256$720000$4e6jUtJxmIz6n4j3c5n8mY$PKuaxuCh3reid7AEddF7hJBuIdIQEi5Dx6Qb/C7TX+U=", "first_name": "Gaurab", "last_name": "Shrestha", "username": "GaurabShrestha", "email": "gaurabshrestha100@gmail.com", "phone_number": "9815119702", "role": 2, "is_admin": false, "is_staff": false, "is_active": true, "is_superadmin": false, "date_joined": "2024-02-18T16:34:27.039Z", "last_login": "2024-04-06T07:16:10.228Z", "created_date": "2024-02-18T16:34:27.039Z", "modified_date": "2024-03-29T07:04:25.267Z"}}, {"model": "accounts.user", "pk": 3, "fields": {"password": "pbkdf2_sha256$720000$d959uq7alBNCjfTq77I1ME$AM0o2qHkAuVL5CteBj1/MOLUdk9dCS6QMQVn/oAlDnU=", "first_name": "Nistha", "last_name": "bajracharya", "username": "Burger King", "email": "gaurabshrestha15901590@gmail.com", "phone_number": "", "role": 1, "is_admin": false, "is_staff": false, "is_active": true, "is_superadmin": false, "date_joined": "2024-02-18T16:36:41.580Z", "last_login": "2024-04-04T03:21:23.680Z", "created_date": "2024-02-18T16:36:41.580Z", "modified_date": "2024-02-18T16:36:53.077Z"}}, {"model": "accounts.user", "pk": 5, "fields": {"password": "pbkdf2_sha256$720000$Y1GPswEllxPg6hAMDn612y$R13mylwnOqK4Ji9X4Xu1MNOhA+LRRjTlTKTFv76dG/w=", "first_name": "Slipknot", "last_name": "masu pasal", "username": "Slipknot masu pasal", "email": "slipknotrestaurant11@gmail.com", "phone_number": "", "role": 1, "is_admin": false, "is_staff": false, "is_active": true, "is_superadmin": false, "date_joined": "2024-02-19T14:16:01.214Z", "last_login": "2024-04-01T17:10:42.210Z", "created_date": "2024-02-19T14:16:01.214Z", "modified_date": "2024-02-19T14:16:55.768Z"}}, {"model": "accounts.user", "pk": 6, "fields": {"password": "pbkdf2_sha256$720000$D1dD7IsbYYFbHYUhHlRpiW$XwK0qwbN7foqh/+EltafCnlyB5Nqf9auxCz4P0Czn+0=", "first_name": "Gaurab", "last_name": "Shrestha", "username": "KFC", "email": "dyingfetusrestaunrat123@gmail.com", "phone_number": "", "role": 1, "is_admin": false, "is_staff": false, "is_active": true, "is_superadmin": false, "date_joined": "2024-02-19T14:16:31.683Z", "last_login": "2024-03-11T03:25:36.264Z", "created_date": "2024-02-19T14:16:31.684Z", "modified_date": "2024-02-19T14:16:50.604Z"}}, {"model": "accounts.user", "pk": 14, "fields": {"password": "pbkdf2_sha256$720000$EZg9iyb7v0hZi25jRNeKI4$qnqjW6WADpnbTgYrMp+B9QNrEKlGey22vqMNibhDX9A=", "first_name": "Gaurab", "last_name": "Shrestha", "username": "gaaaswss", "email": "gaurabshrestha990@gmail.com", "phone_number": "9815119702", "role": 2, "is_admin": false, "is_staff": false, "is_active": true, "is_superadmin": false, "date_joined": "2024-03-03T08:22:14.463Z", "last_login": "2024-04-04T14:49:01.499Z", "created_date": "2024-03-03T08:22:14.464Z", "modified_date": "2024-03-03T08:24:20.200Z"}}, {"model": "accounts.userprofile", "pk": 1, "fields": {"user": 1, "profile_picture": "", "cover_photo": "", "address": null, "country": null, "state": null, "city": null, "pin_code": null, "latitude": null, "longitude": null, "location": null, "created_at": "2024-02-18T16:32:51.599Z", "modified_at": "2024-04-04T14:48:00.138Z"}}, {"model": "accounts.userprofile", "pk": 2, "fields": {"user": 2, "profile_picture": "user/profile_pictures/get_location.JPG", "cover_photo": "user/cover_pictures/360_F_570337254_HSfrS8QtmLWGaV5W3r9bhPXfG3IIqrAl_izGiy4a.png", "address": "Buddha Chowk, Ramghat Road, Pokhara, Nepal", "country": "Nepal", "state": "Gandaki Province", "city": "Pokhara", "pin_code": "33700", "latitude": "28.2008732", "longitude": "83.9962491", "location": "SRID=4326;POINT (83.9962491 28.2008732)", "created_at": "2024-02-18T16:34:27.050Z", "modified_at": "2024-04-06T07:16:10.240Z"}}, {"model": "accounts.userprofile", "pk": 3, "fields": {"user": 3, "profile_picture": "user/profile_pictures/360_F_573606072_Ygdy63Ey63RsopOVSvfPa2GHui64AC9l.png", "cover_photo": "user/cover_pictures/single-foodbakery-demo.jpg", "address": "Lakeside, Pokhara, Nepal", "country": "Nepal", "state": "Gandaki Province", "city": "Pokhara", "pin_code": "33700", "latitude": "28.2053021", "longitude": "83.9616364", "location": "SRID=4326;POINT (83.9616364 28.2053021)", "created_at": "2024-02-18T16:36:41.582Z", "modified_at": "2024-04-04T03:21:23.693Z"}}, {"model": "accounts.userprofile", "pk": 5, "fields": {"user": 5, "profile_picture": "user/profile_pictures/domino.png", "cover_photo": "user/cover_pictures/FOOD_MENU_PROPOSAL.png", "address": "Ring Road, Kathmandu, Nepal", "country": "Nepal", "state": "Bagmati Province", "city": "Kathmandu", "pin_code": null, "latitude": "27.6841695", "longitude": "85.302018", "location": "SRID=4326;POINT (85.302018 27.6841695)", "created_at": "2024-02-19T14:16:01.226Z", "modified_at": "2024-04-01T17:10:56.890Z"}}, {"model": "accounts.userprofile", "pk": 6, "fields": {"user": 6, "profile_picture": "user/profile_pictures/2_Zb2B7a5.png", "cover_photo": "user/cover_pictures/banner-img-2_utKa4ha.jpg", "address": "Mahendra Pul Road, Pokhara, Nepal", "country": "Nepal", "state": "Gandaki Province", "city": "Pokhara", "pin_code": "33700", "latitude": "28.2087433", "longitude": "83.95987319999999", "location": "SRID=4326;POINT (83.95987319999999 28.2087433)", "created_at": "2024-02-19T14:16:31.695Z", "modified_at": "2024-03-11T03:25:36.277Z"}}, {"model": "accounts.userprofile", "pk": 14, "fields": {"user": 14, "profile_picture": "user/profile_pictures/360_F_573606072_Ygdy63Ey63RsopOVSvfPa2GHui64AC9l_aC4Zudf.png", "cover_photo": "user/cover_pictures/360_F_573606072_Ygdy63Ey63RsopOVSvfPa2GHui64AC9l.png", "address": "Gauri Marg, Pokhara, Nepal", "country": "Nepal", "state": "Gandaki Province", "city": "Pokhara", "pin_code": "33700", "latitude": "28.2026861", "longitude": "83.995214", "location": "SRID=4326;POINT (83.995214 28.2026861)", "created_at": "2024-03-03T08:22:14.466Z", "modified_at": "2024-04-04T14:49:01.510Z"}}, {"model": "Restaurant.restaurant", "pk": 1, "fields": {"user": 3, "user_profile": 3, "Restaurant_name": "Burger King", "restaurant_slug": "burger-king-3", "Restaurant_license": "Restaurant/license/1000028308-01.jpeg", "is_approved": true, "created_at": "2024-02-18T16:36:41.590Z", "modified_at": "2024-04-01T17:12:33.866Z"}}, {"model": "Restaurant.restaurant", "pk": 2, "fields": {"user": 5, "user_profile": 5, "Restaurant_name": "Dominos pizza", "restaurant_slug": "slipknot-masu-pasal-5", "Restaurant_license": "Restaurant/license/blogs-food-bakery-02.jpg", "is_approved": true, "created_at": "2024-02-19T14:16:01.276Z", "modified_at": "2024-04-01T17:10:56.896Z"}}, {"model": "Restaurant.restaurant", "pk": 3, "fields": {"user": 6, "user_profile": 6, "Restaurant_name": "KFC", "restaurant_slug": "kfc-6", "Restaurant_license": "Restaurant/license/blog-image-2-150x150_0MXSLRB.jpg", "is_approved": true, "created_at": "2024-02-19T14:16:31.716Z", "modified_at": "2024-02-26T07:27:48.082Z"}}, {"model": "Restaurant.openinghour", "pk": 45, "fields": {"restaurant": 3, "day": 1, "from_hour": "07:30 AM", "to_hour": "11:00 PM", "is_closed": false}}, {"model": "Restaurant.openinghour", "pk": 46, "fields": {"restaurant": 3, "day": 2, "from_hour": "07:00 AM", "to_hour": "11:00 PM", "is_closed": false}}, {"model": "Restaurant.openinghour", "pk": 47, "fields": {"restaurant": 3, "day": 3, "from_hour": "06:30 AM", "to_hour": "11:00 PM", "is_closed": false}}, {"model": "Restaurant.openinghour", "pk": 48, "fields": {"restaurant": 3, "day": 4, "from_hour": "", "to_hour": "", "is_closed": true}}, {"model": "Restaurant.openinghour", "pk": 49, "fields": {"restaurant": 3, "day": 5, "from_hour": "", "to_hour": "", "is_closed": true}}, {"model": "Restaurant.openinghour", "pk": 50, "fields": {"restaurant": 3, "day": 6, "from_hour": "", "to_hour": "", "is_closed": true}}, {"model": "Restaurant.openinghour", "pk": 51, "fields": {"restaurant": 3, "day": 7, "from_hour": "", "to_hour": "", "is_closed": true}}, {"model": "Restaurant.openinghour", "pk": 55, "fields": {"restaurant": 1, "day": 5, "from_hour": "", "to_hour": "", "is_closed": true}}, {"model": "Restaurant.openinghour", "pk": 58, "fields": {"restaurant": 2, "day": 1, "from_hour": "09:00 AM", "to_hour": "09:00 PM", "is_closed": false}}, {"model": "Restaurant.openinghour", "pk": 59, "fields": {"restaurant": 2, "day": 2, "from_hour": "09:00 AM", "to_hour": "09:30 PM", "is_closed": false}}, {"model": "Restaurant.openinghour", "pk": 60, "fields": {"restaurant": 2, "day": 6, "from_hour": "08:00 AM", "to_hour": "02:00 PM", "is_closed": false}}, {"model": "Restaurant.openinghour", "pk": 67, "fields": {"restaurant": 1, "day": 6, "from_hour": "06:30 AM", "to_hour": "07:30 PM", "is_closed": false}}, {"model": "Restaurant.openinghour", "pk": 68, "fields": {"restaurant": 1, "day": 7, "from_hour": "09:00 AM", "to_hour": "06:00 PM", "is_closed": false}}, {"model": "Restaurant.openinghour", "pk": 70, "fields": {"restaurant": 1, "day": 1, "from_hour": "04:00 AM", "to_hour": "10:00 PM", "is_closed": false}}, {"model": "Restaurant.openinghour", "pk": 71, "fields": {"restaurant": 1, "day": 2, "from_hour": "07:00 AM", "to_hour": "11:30 PM", "is_closed": false}}, {"model": "Restaurant.openinghour", "pk": 72, "fields": {"restaurant": 1, "day": 4, "from_hour": "09:00 AM", "to_hour": "09:00 PM", "is_closed": false}}, {"model": "Restaurant.reviewandrating", "pk": 4, "fields": {"restaurant": 3, "user": 3, "subject": "Nice foods", "review": "", "rating": 5.0, "ip": "127.0.0.1", "status": true, "created_at": "2024-04-03T12:10:09.984Z", "updated_at": "2024-04-03T12:10:09.984Z"}}, {"model": "Restaurant.reviewandrating", "pk": 6, "fields": {"restaurant": 1, "user": 2, "subject": "w", "review": "", "rating": 1.5, "ip": "127.0.0.1", "status": true, "created_at": "2024-04-03T12:39:19.213Z", "updated_at": "2024-04-03T12:39:19.213Z"}}, {"model": "Restaurant.reviewandrating", "pk": 8, "fields": {"restaurant": 2, "user": 3, "subject": "", "review": "", "rating": 5.0, "ip": "127.0.0.1", "status": true, "created_at": "2024-04-04T03:23:12.826Z", "updated_at": "2024-04-04T03:23:12.826Z"}}, {"model": "Restaurant.reviewandrating", "pk": 9, "fields": {"restaurant": 2, "user": 2, "subject": "", "review": "", "rating": 5.0, "ip": "127.0.0.1", "status": true, "created_at": "2024-04-04T05:10:27.517Z", "updated_at": "2024-04-04T05:10:27.517Z"}}, {"model": "menu.category", "pk": 1, "fields": {"restaurant": 1, "category_name": "Chicken", "slug": "chicken-1", "description": "", "created_at": "2024-02-18T16:37:13.686Z", "updated_at": "2024-02-18T16:37:18.283Z"}}, {"model": "menu.category", "pk": 2, "fields": {"restaurant": 1, "category_name": "Buff", "slug": "buff-2", "description": "", "created_at": "2024-02-18T16:40:30.557Z", "updated_at": "2024-02-18T16:40:34.755Z"}}, {"model": "menu.category", "pk": 3, "fields": {"restaurant": 3, "category_name": "Chicken", "slug": "chicken-3", "description": "", "created_at": "2024-02-19T14:18:18.093Z", "updated_at": "2024-02-19T14:18:18.109Z"}}, {"model": "menu.category", "pk": 4, "fields": {"restaurant": 3, "category_name": "Buff", "slug": "buff-4", "description": "", "created_at": "2024-02-19T14:18:22.310Z", "updated_at": "2024-02-19T14:18:22.323Z"}}, {"model": "menu.category", "pk": 5, "fields": {"restaurant": 2, "category_name": "Pizza", "slug": "pizza-5", "description": "", "created_at": "2024-02-19T14:20:19.878Z", "updated_at": "2024-02-19T14:20:19.890Z"}}, {"model": "menu.category", "pk": 6, "fields": {"restaurant": 2, "category_name": "Burger", "slug": "burger-6", "description": "", "created_at": "2024-02-19T14:20:24.206Z", "updated_at": "2024-02-19T14:20:24.217Z"}}, {"model": "menu.category", "pk": 7, "fields": {"restaurant": 2, "category_name": "Chowmein", "slug": "chowmein-7", "description": "", "created_at": "2024-02-19T14:20:38.399Z", "updated_at": "2024-02-19T14:20:38.411Z"}}, {"model": "menu.category", "pk": 8, "fields": {"restaurant": 1, "category_name": "Sea Food", "slug": "sea-food-8", "description": "", "created_at": "2024-03-30T17:27:15.830Z", "updated_at": "2024-03-30T17:27:15.844Z"}}, {"model": "menu.category", "pk": 9, "fields": {"restaurant": 1, "category_name": "Pizza", "slug": "pizza-9", "description": "", "created_at": "2024-04-01T03:24:27.993Z", "updated_at": "2024-04-01T03:24:28.006Z"}}, {"model": "menu.fooditem", "pk": 1, "fields": {"restaurant": 1, "category": 1, "food_title": "chicken Momo", "slug": "chicken-momo", "description": "Mitho momo", "price": "150.00", "image": "foodImages/blog-image-2-150x150_H0fBqkA.jpg", "is_available": true, "created_at": "2024-02-18T16:38:00.326Z", "updated_at": "2024-02-18T16:38:23.529Z"}}, {"model": "menu.fooditem", "pk": 2, "fields": {"restaurant": 1, "category": 1, "food_title": "chicken Chowmein", "slug": "chicken-chowmein", "description": "mitho", "price": "150.00", "image": "foodImages/blogs-food-bakery-03-150x150_dWPtF5a.jpg", "is_available": true, "created_at": "2024-02-18T16:38:46.940Z", "updated_at": "2024-02-18T16:38:46.940Z"}}, {"model": "menu.fooditem", "pk": 3, "fields": {"restaurant": 1, "category": 2, "food_title": "Buff Momo", "slug": "buff-momo", "description": "", "price": "200.00", "image": "foodImages/blog-image-2-150x150_D4HpjmF.jpg", "is_available": true, "created_at": "2024-02-18T16:40:50.426Z", "updated_at": "2024-02-18T16:40:50.426Z"}}, {"model": "menu.fooditem", "pk": 4, "fields": {"restaurant": 3, "category": 3, "food_title": "chicken Fires", "slug": "chicken-fires-4", "description": "", "price": "850.00", "image": "foodImages/cover-photo05-150x150.jpg", "is_available": true, "created_at": "2024-02-19T14:18:40.542Z", "updated_at": "2024-02-19T14:18:40.550Z"}}, {"model": "menu.fooditem", "pk": 5, "fields": {"restaurant": 3, "category": 4, "food_title": "buff momo", "slug": "bhaisi-ko-masu-5", "description": "", "price": "9000.00", "image": "foodImages/tumblr_0e7e79f4e6db66a1b484a767f6cfe2ea_d9e0c402_500.jpg", "is_available": true, "created_at": "2024-02-19T14:19:05.231Z", "updated_at": "2024-03-11T03:24:51.055Z"}}, {"model": "menu.fooditem", "pk": 6, "fields": {"restaurant": 2, "category": 7, "food_title": "Chicken Chowmein", "slug": "chicken-chowmein-6", "description": "", "price": "500.00", "image": "foodImages/cover-photo01-1-1-359x212_ja4tVIo.jpg", "is_available": true, "created_at": "2024-02-19T14:20:50.862Z", "updated_at": "2024-02-19T14:20:50.865Z"}}, {"model": "menu.fooditem", "pk": 7, "fields": {"restaurant": 2, "category": 6, "food_title": "Chicken Burger", "slug": "chicken-burger", "description": "", "price": "10.00", "image": "foodImages/cover-photo17-150x150.jpg", "is_available": true, "created_at": "2024-02-19T14:21:13.643Z", "updated_at": "2024-03-30T17:33:18.473Z"}}, {"model": "menu.fooditem", "pk": 8, "fields": {"restaurant": 2, "category": 5, "food_title": "cheese pizza", "slug": "cheese-pizza", "description": "", "price": "5.00", "image": "foodImages/blogs-food-bakery-02-150x150_1.jpg", "is_available": true, "created_at": "2024-02-19T14:21:30.787Z", "updated_at": "2024-03-30T17:33:01.033Z"}}, {"model": "menu.fooditem", "pk": 9, "fields": {"restaurant": 1, "category": 2, "food_title": "fdgdfg", "slug": "fdgdfg", "description": "", "price": "30.00", "image": "foodImages/khalti-payment-new-overview.png", "is_available": true, "created_at": "2024-03-24T03:36:05.687Z", "updated_at": "2024-03-24T03:36:22.611Z"}}, {"model": "menu.fooditem", "pk": 10, "fields": {"restaurant": 1, "category": 8, "food_title": "Shrimp", "slug": "shrimp-10", "description": "", "price": "10.00", "image": "foodImages/FOOD_MENU_PROPOSAL.png", "is_available": true, "created_at": "2024-03-30T17:27:42.364Z", "updated_at": "2024-03-30T17:27:42.371Z"}}, {"model": "menu.fooditem", "pk": 11, "fields": {"restaurant": 1, "category": 8, "food_title": "sea food2", "slug": "sea-food2-11", "description": "", "price": "20.00", "image": "foodImages/FOOD_MENU_PROPOSAL_bVW0q0l.png", "is_available": true, "created_at": "2024-03-30T17:27:57.643Z", "updated_at": "2024-03-30T17:27:57.654Z"}}, {"model": "menu.fooditem", "pk": 12, "fields": {"restaurant": 1, "category": 9, "food_title": "chicken pizza", "slug": "chicken-pizza-12", "description": "", "price": "10.00", "image": "foodImages/FOOD_MENU_PROPOSAL_paKVfvh.png", "is_available": true, "created_at": "2024-04-01T03:25:03.442Z", "updated_at": "2024-04-01T03:25:03.460Z"}}, {"model": "marketplace.foodcart", "pk": 138, "fields": {"user": 14, "fooditem": 12, "quantity": 2, "created_at": "2024-04-04T15:48:48.927Z", "updated_at": "2024-04-04T15:48:52.024Z"}}, {"model": "marketplace.foodcart", "pk": 139, "fields": {"user": 14, "fooditem": 11, "quantity": 2, "created_at": "2024-04-04T15:48:49.361Z", "updated_at": "2024-04-04T15:48:51.024Z"}}, {"model": "marketplace.foodcart", "pk": 140, "fields": {"user": 14, "fooditem": 10, "quantity": 1, "created_at": "2024-04-04T15:48:49.705Z", "updated_at": "2024-04-04T15:48:49.705Z"}}, {"model": "marketplace.tax", "pk": 1, "fields": {"tax_type": "VAT", "tax_percentage": "13.00", "is_active": true}}, {"model": "orders.payment", "pk": 59, "fields": {"user": 2, "transaction_id": "vbr4WUHG5VVQAZQMUihhqT", "payment_method": "Khalti", "amount": "135.6", "status": "Success", "created_at": "2024-04-04T05:16:02.366Z"}}, {"model": "orders.payment", "pk": 60, "fields": {"user": 2, "transaction_id": "7juoqp6r2pTkhzVWoxA8vW", "payment_method": "Khalti", "amount": "118.65", "status": "Success", "created_at": "2024-04-04T15:53:38.901Z"}}, {"model": "orders.payment", "pk": 61, "fields": {"user": 2, "transaction_id": "39MDr8eizHLghLAHAUf2kG", "payment_method": "Khalti", "amount": "62.15", "status": "Success", "created_at": "2024-04-04T15:57:17.288Z"}}, {"model": "orders.payment", "pk": 62, "fields": {"user": 2, "transaction_id": "7Jhvp8MajFgaxvdAhVw2Jm", "payment_method": "Khalti", "amount": "62.15", "status": "Success", "created_at": "2024-04-04T15:58:59.155Z"}}, {"model": "orders.payment", "pk": 63, "fields": {"user": 2, "transaction_id": "7NmgvEHCRiGZZSFHEkqSzB", "payment_method": "Khalti", "amount": "90.4", "status": "Success", "created_at": "2024-04-04T16:16:02.700Z"}}, {"model": "orders.order", "pk": 300, "fields": {"user": 2, "payment": 59, "order_number": "20240404110019300", "first_name": "Gaurab", "last_name": "Shrestha", "phone": "9815119702", "email": "gaurabshrestha100@gmail.com", "address": "Buddha Chowk, Ramghat Road, Pokhara, Nepal", "country": "Nepal", "state": "Gandaki Province", "city": "Pokhara", "pin_code": "33700", "total": 135.6, "tax_data": "{\"VAT\": {\"13.00\": 15.60}}", "total_data": "{\"1\": {\"120.00\": \"{'VAT': {'13.00': '15.60'}}\"}}", "total_tax": 15.6, "payment_method": "Khalti", "status": "New", "is_ordered": true, "created_at": "2024-04-04T05:15:19.310Z", "updated_at": "2024-04-04T05:16:03.900Z", "restaurants": [1]}}, {"model": "orders.order", "pk": 301, "fields": {"user": 14, "payment": null, "order_number": "20240404213359301", "first_name": "Gaurab", "last_name": "Shrestha", "phone": "9815119702", "email": "gaurabshrestha990@gmail.com", "address": "Gauri Marg, Pokhara, Nepal", "country": "Nepal", "state": "Gandaki Province", "city": "Pokhara", "pin_code": "33700", "total": 79.1, "tax_data": "{\"VAT\": {\"13.00\": 9.10}}", "total_data": "{\"1\": {\"70.00\": \"{'VAT': {'13.00': '9.10'}}\"}}", "total_tax": 9.1, "payment_method": "Khalti", "status": "New", "is_ordered": false, "created_at": "2024-04-04T15:48:59.786Z", "updated_at": "2024-04-04T15:48:59.794Z", "restaurants": [1]}}, {"model": "orders.order", "pk": 302, "fields": {"user": 14, "payment": null, "order_number": "20240404213412302", "first_name": "Gaurab", "last_name": "Shrestha", "phone": "9815119702", "email": "gaurabshrestha990@gmail.com", "address": "Gauri Marg, Pokhara, Nepal", "country": "Nepal", "state": "Gandaki Province", "city": "Pokhara", "pin_code": "33700", "total": 79.1, "tax_data": "{\"VAT\": {\"13.00\": 9.10}}", "total_data": "{\"1\": {\"70.00\": \"{'VAT': {'13.00': '9.10'}}\"}}", "total_tax": 9.1, "payment_method": "Khalti", "status": "New", "is_ordered": false, "created_at": "2024-04-04T15:49:12.933Z", "updated_at": "2024-04-04T15:49:12.948Z", "restaurants": [1]}}, {"model": "orders.order", "pk": 303, "fields": {"user": 2, "payment": null, "order_number": "20240404213446303", "first_name": "Gaurab", "last_name": "Shrestha", "phone": "9815119702", "email": "gaurabshrestha100@gmail.com", "address": "Buddha Chowk, Ramghat Road, Pokhara, Nepal", "country": "Nepal", "state": "Gandaki Province", "city": "Pokhara", "pin_code": "33700", "total": 158.2, "tax_data": "{\"VAT\": {\"13.00\": 18.20}}", "total_data": "{\"1\": {\"140.00\": \"{'VAT': {'13.00': '18.20'}}\"}}", "total_tax": 18.2, "payment_method": "Khalti", "status": "New", "is_ordered": false, "created_at": "2024-04-04T15:49:46.906Z", "updated_at": "2024-04-04T15:49:46.921Z", "restaurants": [1]}}, {"model": "orders.order", "pk": 304, "fields": {"user": 2, "payment": null, "order_number": "20240404213455304", "first_name": "Gaurab", "last_name": "Shrestha", "phone": "9815119702", "email": "gaurabshrestha100@gmail.com", "address": "Buddha Chowk, Ramghat Road, Pokhara, Nepal", "country": "Nepal", "state": "Gandaki Province", "city": "Pokhara", "pin_code": "33700", "total": 158.2, "tax_data": "{\"VAT\": {\"13.00\": 18.20}}", "total_data": "{\"1\": {\"140.00\": \"{'VAT': {'13.00': '18.20'}}\"}}", "total_tax": 18.2, "payment_method": "Khalti", "status": "New", "is_ordered": false, "created_at": "2024-04-04T15:49:55.507Z", "updated_at": "2024-04-04T15:49:55.522Z", "restaurants": [1]}}, {"model": "orders.order", "pk": 305, "fields": {"user": 2, "payment": null, "order_number": "20240404213707305", "first_name": "Gaurab", "last_name": "Shrestha", "phone": "9815119702", "email": "gaurabshrestha100@gmail.com", "address": "Buddha Chowk, Ramghat Road, Pokhara, Nepal", "country": "Nepal", "state": "Gandaki Province", "city": "Pokhara", "pin_code": "33700", "total": 158.2, "tax_data": "{\"VAT\": {\"13.00\": 18.20}}", "total_data": "{\"1\": {\"140.00\": \"{'VAT': {'13.00': '18.20'}}\"}}", "total_tax": 18.2, "payment_method": "Khalti", "status": "New", "is_ordered": false, "created_at": "2024-04-04T15:52:07.967Z", "updated_at": "2024-04-04T15:52:07.982Z", "restaurants": [1]}}, {"model": "orders.order", "pk": 306, "fields": {"user": 2, "payment": 60, "order_number": "20240404213808306", "first_name": "Gaurab", "last_name": "Shrestha", "phone": "9815119702", "email": "gaurabshrestha100@gmail.com", "address": "Buddha Chowk, Ramghat Road, Pokhara, Nepal", "country": "Nepal", "state": "Gandaki Province", "city": "Pokhara", "pin_code": "33700", "total": 118.65, "tax_data": "{\"VAT\": {\"13.00\": 13.65}}", "total_data": "{\"2\": {\"105.00\": \"{'VAT': {'13.00': '13.65'}}\"}}", "total_tax": 13.65, "payment_method": "Khalti", "status": "New", "is_ordered": true, "created_at": "2024-04-04T15:53:08.777Z", "updated_at": "2024-04-04T15:53:40.409Z", "restaurants": [2]}}, {"model": "orders.order", "pk": 307, "fields": {"user": 2, "payment": 61, "order_number": "20240404214148307", "first_name": "Gaurab", "last_name": "Shrestha", "phone": "9815119702", "email": "gaurabshrestha100@gmail.com", "address": "Buddha Chowk, Ramghat Road, Pokhara, Nepal", "country": "Nepal", "state": "Gandaki Province", "city": "Pokhara", "pin_code": "33700", "total": 62.15, "tax_data": "{\"VAT\": {\"13.00\": 7.15}}", "total_data": "{\"2\": {\"55.00\": \"{'VAT': {'13.00': '7.15'}}\"}}", "total_tax": 7.15, "payment_method": "Khalti", "status": "New", "is_ordered": true, "created_at": "2024-04-04T15:56:48.887Z", "updated_at": "2024-04-04T15:57:17.348Z", "restaurants": [2]}}, {"model": "orders.order", "pk": 308, "fields": {"user": 2, "payment": 62, "order_number": "20240404214328308", "first_name": "Gaurab", "last_name": "Shrestha", "phone": "9815119702", "email": "gaurabshrestha100@gmail.com", "address": "Buddha Chowk, Ramghat Road, Pokhara, Nepal", "country": "Nepal", "state": "Gandaki Province", "city": "Pokhara", "pin_code": "33700", "total": 62.15, "tax_data": "{\"VAT\": {\"13.00\": 7.15}}", "total_data": "{\"2\": {\"55.00\": \"{'VAT': {'13.00': '7.15'}}\"}}", "total_tax": 7.15, "payment_method": "Khalti", "status": "New", "is_ordered": true, "created_at": "2024-04-04T15:58:28.226Z", "updated_at": "2024-04-04T15:58:59.211Z", "restaurants": [2]}}, {"model": "orders.order", "pk": 309, "fields": {"user": 2, "payment": 63, "order_number": "20240404220002309", "first_name": "Gaurab", "last_name": "Shrestha", "phone": "9815119702", "email": "bamdev.chaudhary.507@gmail.com", "address": "Buddha Chowk, Ramghat Road, Pokhara, Nepal", "country": "Nepal", "state": "Gandaki Province", "city": "Pokhara", "pin_code": "33700", "total": 90.4, "tax_data": "{\"VAT\": {\"13.00\": 10.40}}", "total_data": "{\"1\": {\"80.00\": \"{'VAT': {'13.00': '10.40'}}\"}}", "total_tax": 10.4, "payment_method": "Khalti", "status": "New", "is_ordered": true, "created_at": "2024-04-04T16:15:02.859Z", "updated_at": "2024-04-04T16:16:02.711Z", "restaurants": [1]}}, {"model": "orders.orderedfood", "pk": 60, "fields": {"order": 300, "payment": 59, "user": 2, "fooditem": 9, "quantity": 4, "price": 30.0, "amount": 120.0, "created_at": "2024-04-04T05:16:03.907Z", "updated_at": "2024-04-04T05:16:03.907Z"}}, {"model": "orders.orderedfood", "pk": 61, "fields": {"order": 306, "payment": 60, "user": 2, "fooditem": 8, "quantity": 11, "price": 5.0, "amount": 55.0, "created_at": "2024-04-04T15:53:40.419Z", "updated_at": "2024-04-04T15:53:40.419Z"}}, {"model": "orders.orderedfood", "pk": 62, "fields": {"order": 307, "payment": 61, "user": 2, "fooditem": 8, "quantity": 11, "price": 5.0, "amount": 55.0, "created_at": "2024-04-04T15:57:17.356Z", "updated_at": "2024-04-04T15:57:17.356Z"}}, {"model": "orders.orderedfood", "pk": 63, "fields": {"order": 308, "payment": 62, "user": 2, "fooditem": 8, "quantity": 11, "price": 5.0, "amount": 55.0, "created_at": "2024-04-04T15:58:59.219Z", "updated_at": "2024-04-04T15:58:59.219Z"}}, {"model": "orders.orderedfood", "pk": 64, "fields": {"order": 309, "payment": 63, "user": 2, "fooditem": 12, "quantity": 2, "price": 10.0, "amount": 20.0, "created_at": "2024-04-04T16:16:02.720Z", "updated_at": "2024-04-04T16:16:02.720Z"}}]